序号,题目ID,模块,分组,题号,题目,答题类型,选项/范围,适用身份,显示条件（Fillout 逻辑）,依赖题目,否时跳转,是否必填,隐私级别,是否入库,对应 Fillout 字段ID,备注
1,Q-GATE-01,一、身份门,身份确认,,你的身份是,单选（必答）,男S / 女S / 男M / 女M,男S/女S/男M/女M,始终显示（问卷第 1 题）,,,是,公开,是,待确认,★ 关键题：四个身份共用一份问卷的总开关，决定后续所有性别/上下位题目的显隐
2,Q-GATE-02,一、身份门,身份确认,,你的取向是,单选（必答）,异性 / 同性 / 双性 / 未定,男S/女S/男M/女M,始终显示,,,是,公开,是,待确认,决定档案库默认展示谁
3,Q-GATE-03,一、身份门,身份确认,,生理性别,单选（必答）,男 / 女,男S/女S/男M/女M,始终显示,,,是,公开,是,待确认,与身份交叉校验；若与身份不一致提示确认
4,Q-GATE-04,一、身份门,身份确认,,心理性别,单选,男 / 女 / 其他 / 不愿透露,男S/女S/男M/女M,始终显示,,,是,公开,是,待确认,
5,Q-GATE-05,一、身份门,身份确认,,属性确认,单选,S（上位）/ M（下位）/ 双向,男S/女S/男M/女M,始终显示,,,是,公开,是,待确认,用于校验身份选择的一致性
6,Q-B01,二、基础信息,身份标识,,姓名（圈内称呼）,文本（必答）,,男S/女S/男M/女M,始终显示,,,是,公开,是,待确认,★ 档案匹配字段，请与平台昵称保持一致
7,Q-B02,二、基础信息,身份标识,,爱称 / 希望被怎么称呼,文本,,男S/女S/男M/女M,始终显示,,,是,公开,是,待确认,
8,Q-B03,二、基础信息,身份标识,,熟悉的人怎么称呼你,文本,,男S/女S/男M/女M,始终显示,,,是,公开,是,待确认,
9,Q-B04,二、基础信息,身份标识,,性爱时喜欢的称呼,文本,,男S/女S/男M/女M,始终显示,,,是,公开,是,待确认,
10,Q-B05,二、基础信息,人口属性,,年龄,数字（必答）,18–99,男S/女S/男M/女M,始终显示,,,是,公开,是,待确认,★ 必须满 18 岁
11,Q-B06,二、基础信息,人口属性,,出生年月,日期,,男S/女S/男M/女M,始终显示,,,是,公开,是,待确认,
12,Q-B07,二、基础信息,社会属性,,职业,文本,,男S/女S/男M/女M,始终显示,,,是,公开,是,待确认,
13,Q-B08,二、基础信息,社会属性,,学历,单选,初中及以下 / 高中 / 大专 / 本科 / 硕士及以上,男S/女S/男M/女M,始终显示,,,是,公开,是,待确认,
14,Q-B09,二、基础信息,社会属性,,毕业或就读学校,文本,,男S/女S/男M/女M,始终显示,,,是,公开,是,待确认,
15,Q-B10,二、基础信息,联系方式,,常住地址 / 所在区域,文本（必答）,,男S/女S/男M/女M,始终显示,,,是,隐私（可控制公开）,是,待确认,★ 受隐私开关控制，未同意公开则档案显示「未公开」
16,Q-B11,二、基础信息,联系方式,,联系方式,文本（必答）,QQ / 微信 / TG 等,男S/女S/男M/女M,始终显示,,,是,隐私（可控制公开）,是,待确认,★ 受隐私开关控制
17,Q-B12,二、基础信息,联系方式,,推特 / Bluesky 号,文本,,男S/女S/男M/女M,始终显示,,,是,隐私（可控制公开）,是,待确认,
18,Q-B13,二、基础信息,联系方式,,详细联系方式及对应软件,文本,,男S/女S/男M/女M,始终显示,,,是,隐私（可控制公开）,是,待确认,
19,Q-BD01,三、身体信息,体型,,身高（cm）,数字（必答）,140–220,男S/女S/男M/女M,始终显示,,,是,公开,是,待确认,
20,Q-BD02,三、身体信息,体型,,体重（kg）,数字（必答）,30–150,男S/女S/男M/女M,始终显示,,,是,公开,是,待确认,
21,Q-BD03,三、身体信息,体型,,罩杯,单选,A / B / C / D / E / F 及以上,女S/女M,性别 = 女,Q-GATE-01,,是,公开,是,待确认,★ 女性专属：男S/男M 不显示此题
22,Q-BD04,三、身体信息,体型,,三围,文本,胸围 / 腰围 / 臀围,女S/女M,性别 = 女,Q-GATE-01,,是,公开,是,待确认,★ 女性专属
23,Q-BD05,三、身体信息,体型,,脚码,数字,,男S/女S/男M/女M,始终显示,,,是,公开,是,待确认,
24,Q-BD06,三、身体信息,敏感与特征,,身体哪些地方比较敏感,多选,颈 / 耳 / 胸 / 腰 / 腿 / 足 / 其他,男S/女S/男M/女M,始终显示,,,是,公开,是,待确认,
25,Q-BD07,三、身体信息,敏感与特征,,最喜欢的身体部位（最多 3 项）,多选（限3）,,男S/女S/男M/女M,始终显示,,,是,公开,是,待确认,
26,Q-BD08,三、身体信息,敏感与特征,,喜欢这三个部位的原因,长文本,,男S/女S/男M/女M,始终显示,,,是,公开,是,待确认,
27,Q-BD09,三、身体信息,敏感与特征,,身体部位记录：乳,文本 / 图片,,女S/女M,性别 = 女,Q-GATE-01,,是,私密影像,是,待确认,
28,Q-BD10,三、身体信息,敏感与特征,,身体部位记录：穴,文本 / 图片,,女S/女M,性别 = 女,Q-GATE-01,,是,私密影像,是,待确认,
29,Q-BD11,三、身体信息,敏感与特征,,身体部位记录：臀,文本 / 图片,,男S/女S/男M/女M,始终显示,,,是,私密影像,是,待确认,
30,Q-BD12,三、身体信息,敏感与特征,,身体部位记录：腿,文本 / 图片,,男S/女S/男M/女M,始终显示,,,是,私密影像,是,待确认,
31,Q-BD13,三、身体信息,身体开发,,目前身体开发程度,单选,完全未开发 / 轻度 / 中度 / 深度,男M/女M,上下位 = M,Q-GATE-01,,是,公开,是,待确认,★ M 侧专属：S 侧无此题
32,Q-BD14,三、身体信息,身体开发,,身体开发进度（自述）,长文本,,男M/女M,上下位 = M,Q-GATE-01,,是,公开,是,待确认,
33,Q-P01,四、个人形象与状态,自我形象,,现实生活中的形象,长文本,,男S/女S/男M/女M,始终显示,,,是,公开,是,待确认,
34,Q-P02,四、个人形象与状态,自我形象,,日常生活中的个人形象,长文本,,男S/女S/男M/女M,始终显示,,,是,公开,是,待确认,
35,Q-P03,四、个人形象与状态,自我形象,,私底下的自己,长文本,,男S/女S/男M/女M,始终显示,,,是,公开,是,待确认,
36,Q-P04,四、个人形象与状态,自我形象,,是否反差,单选,是 / 否,男S/女S/男M/女M,始终显示,,,是,公开,是,待确认,
37,Q-P05,四、个人形象与状态,自我形象,,日常表现和私下有什么不一样,长文本,,男S/女S/男M/女M,始终显示,,,是,公开,是,待确认,
38,Q-P06,四、个人形象与状态,自我形象,,一句话形容自己,文本,,男S/女S/男M/女M,始终显示,,,是,公开,是,待确认,
39,Q-P07,四、个人形象与状态,情感状态,,当前情感状态,单选,单身 / 恋爱中 / 已婚 / 离异 / 保密,男S/女S/男M/女M,始终显示,,,是,公开,是,待确认,
40,Q-P08,四、个人形象与状态,情感状态,,当前子女情况,单选,无 / 有,女S/女M,性别 = 女,Q-GATE-01,,是,公开,是,待确认,女性相关；如认为男侧也需填写可放宽
41,Q-REL01,四、个人形象与状态,关系状态,,是否有主 / 是否有奴,单选,没有 / 有 / 不确定,男S/女S/男M/女M,始终显示,,,是,公开,是,待确认,★ 题干随身份自动切换：M 显示「是否有主」，S 显示「是否有奴」
42,Q-REL02,四、个人形象与状态,关系状态,,是否寻找关系,单选,是 / 否 / 随缘,男S/女S/男M/女M,始终显示,,,是,公开,是,待确认,
43,Q-REL03,四、个人形象与状态,关系状态,,期望关系类型,多选,长期主奴 / 短期调教 / 网调 / 现实 / 情侣 / 主奴兼情侣,男S/女S/男M/女M,始终显示,,,是,公开,是,待确认,
44,Q-REL04,四、个人形象与状态,关系状态,,对另一半的要求,长文本,,男S/女S/男M/女M,始终显示,,,是,公开,是,待确认,
45,Q-REL05,四、个人形象与状态,关系状态,,你希望网调还是线下,单选,网调 / 线下 / 都可以,男S/女S/男M/女M,始终显示,,,是,公开,是,待确认,
46,Q-REL06,四、个人形象与状态,关系状态,,是否接受新手 / 零经验的对象,单选,接受 / 不接受 / 看情况,男S/女S,上下位 = S,Q-GATE-01,,是,公开,是,待确认,🔲 本表新建 · S 侧视角
47,Q-EXP01,四、个人形象与状态,圈层经历,,入圈时长,单选,1 年以内 / 1–3 年 / 3–5 年 / 5 年以上,男S/女S/男M/女M,始终显示,,,是,公开,是,待确认,
48,Q-EXP02,四、个人形象与状态,圈层经历,,过往调教关系数量,数字,,男S/女S/男M/女M,始终显示,,,是,公开,是,待确认,
49,Q-EXP03,四、个人形象与状态,圈层经历,,最长调教时间,文本,,男S/女S,上下位 = S,Q-GATE-01,,是,公开,是,待确认,★ S 侧专属（源题库仅此 1 条，S 侧字段整体不足，见文末缺口清单）
50,Q-EXP04,四、个人形象与状态,圈层经历,,调教频率,单选,每天 / 每周数次 / 每周一次 / 不定期,男S/女S,上下位 = S,Q-GATE-01,,是,公开,是,待确认,★ S 侧专属
51,Q-EXP05,五、上位者专项,圈层经历,,带过的下位者人数,单选,0 人 / 1–2 人 / 3–5 人 / 6–10 人 / 10 人以上,男S/女S,上下位 = S,Q-GATE-01,,是,公开,是,待确认,🔲 本表新建 · 可验证性：M 最关心 S 是否有真实带教经历
52,Q-EXP06,五、上位者专项,圈层经历,,最长的一段关系持续了多久,单选,3 个月以内 / 半年 / 1 年 / 2 年 / 3 年以上,男S/女S,上下位 = S,Q-GATE-01,,是,公开,是,待确认,🔲 本表新建 · 长期关系的维持能力
53,Q-EXP07,五、上位者专项,圈层经历,,是否有下位者愿意作为介绍人 / 背书,单选,有，可提供 / 有，但需先沟通 / 没有,男S/女S,上下位 = S,Q-GATE-01,,是,公开,是,待确认,🔲 本表新建 · 信任背书（M 视角重要）
54,Q-EXP08,五、上位者专项,圈层经历,,过往是否有过需要中止或就医的情况,单选,没有 / 有，已妥善处理 / 不便说明,男S/女S,上下位 = S,Q-GATE-01,,是,公开,是,待确认,🔲 本表新建 · 安全履历（如实填写，不追究过往）
55,Q-EXP09,五、上位者专项,圈层经历,,对上述情况的处理方式与复盘,长文本,,男S/女S,上下位 = S 且 Q-EXP08 = 有,Q-EXP08,,是,公开,是,待确认,🔲 本表新建 · 看 S 如何面对失误，比失误本身更重要
56,Q-EXP10,五、上位者专项,圈层经历,,圈内活动参与频率,单选,几乎不参加 / 偶尔 / 经常 / 组织者,男S/女S,上下位 = S,Q-GATE-01,,是,公开,是,待确认,🔲 本表新建 · 圈层活跃度
57,Q-CAP01,五、上位者专项,能力与风格,,你的主导风格是,多选（限2）,严格规训型 / 温柔引导型 / 心理掌控型 / 仪式感型 / 玩法探索型 / 随性相处型,男S/女S,上下位 = S,Q-GATE-01,,是,公开,是,待确认,🔲 本表新建 · M 视角首要问题：风格是否合得来
58,Q-CAP02,五、上位者专项,能力与风格,,最擅长的三件事,多选（限3）,沟通与谈判 / 仪式设计 / 心理引导 / 感官控制 / 节奏掌控 / 事后护理 / 长期关系维护,男S/女S,上下位 = S,Q-GATE-01,,是,公开,是,待确认,🔲 本表新建
59,Q-CAP03,五、上位者专项,能力与风格,,明确不擅长或不愿涉及的部分,长文本,,男S/女S,上下位 = S,Q-GATE-01,,是,公开,是,待确认,🔲 本表新建 · 坦白边界比罗列能力更能建立信任
60,Q-CAP04,五、上位者专项,能力与风格,,目前仍在学习或想提升的方向,长文本,,男S/女S,上下位 = S,Q-GATE-01,,是,公开,是,待确认,🔲 本表新建 · 是否有成长意愿
61,Q-CAP05,五、上位者专项,能力与风格,,在 26 个玩法大类中，你自评熟练的有哪些,多选,对应模块七的 26 个大类,男S/女S,上下位 = S,Q-GATE-01,,是,公开,是,待确认,🔲 本表新建 · 与模块七的兴趣矩阵交叉，形成「兴趣 × 能力」对照
62,Q-CAP06,五、上位者专项,能力与风格,,你通常如何制定一次完整的安排,长文本,,男S/女S,上下位 = S,Q-GATE-01,,是,公开,是,待确认,🔲 本表新建 · 看是否有计划性，仅描述流程不涉及操作细节
63,Q-CAP07,五、上位者专项,能力与风格,,面对下位者临时喊停，你的第一反应是,单选,立即停止并确认状态 / 先安抚再询问原因 / 视情况判断 / 会先了解是否只是紧张,男S/女S,上下位 = S,Q-GATE-01,,是,公开,是,待确认,🔲 本表新建 · ★ 安全态度试金石，M 视角最关键的一题
64,Q-CAP08,五、上位者专项,能力与风格,,你如何看待「下位者提出异议」,长文本,,男S/女S,上下位 = S,Q-GATE-01,,是,公开,是,待确认,🔲 本表新建 · 权力动态的健康度
65,Q-SAF01,五、上位者专项,安全习惯,,事前沟通你通常会覆盖哪些内容,多选,边界与红线 / 安全词 / 中止信号 / 身体状况 / 心理状态 / 期望与底线 / 事后护理方式 / 紧急联系人,男S/女S,上下位 = S,Q-GATE-01,,是,公开,是,待确认,🔲 本表新建 · ★ 覆盖越全，说明流程越成熟
66,Q-SAF02,五、上位者专项,安全习惯,,是否要求事前确认安全词与中止信号,单选,每次都会 / 大多数时候 / 偶尔 / 不特意确认,男S/女S,上下位 = S,Q-GATE-01,,是,公开,是,待确认,🔲 本表新建
67,Q-SAF03,五、上位者专项,安全习惯,,是否禁止首次见面即执行高风险项目,单选,禁止 / 视情况 / 不禁止,男S/女S,上下位 = S,Q-GATE-01,,是,公开,是,待确认,🔲 本表新建
68,Q-SAF04,五、上位者专项,安全习惯,,事后护理你会做哪些,多选,身体检查 / 补水保暖 / 情绪安抚 / 复盘反馈 / 陪伴至状态平稳 / 次日回访,男S/女S,上下位 = S,Q-GATE-01,,是,公开,是,待确认,🔲 本表新建 · ★ 后护理是很多 S 忽略、而 M 极其在意的一环
69,Q-SAF05,五、上位者专项,安全习惯,,是否接受下位者指定「绝对不碰」的区域,单选,完全接受 / 基本接受 / 需协商,男S/女S,上下位 = S,Q-GATE-01,,是,公开,是,待确认,🔲 本表新建
70,Q-SAF06,五、上位者专项,安全习惯,,是否愿意在必要时与下位者的紧急联系人取得联系,单选,愿意 / 需先约定 / 不愿意,男S/女S,上下位 = S,Q-GATE-01,,是,公开,是,待确认,🔲 本表新建
71,Q-SAF07,五、上位者专项,安全习惯,,紧急情况下的处理原则,长文本,,男S/女S,上下位 = S,Q-GATE-01,,是,公开,是,待确认,🔲 本表新建 · 仅原则声明，不含操作指导
72,Q-SAF08,五、上位者专项,安全习惯,,是否了解并能识别常见的身体不适信号,单选,系统学习过 / 大致了解 / 了解不多 / 依赖对方反馈,男S/女S,上下位 = S,Q-GATE-01,,是,公开,是,待确认,🔲 本表新建
73,Q-RELN01,五、上位者专项,关系形态,,你希望的见面频率,单选,每天 / 每周 2–3 次 / 每周一次 / 每两周 / 不定期,男S/女S,上下位 = S,Q-GATE-01,,是,公开,是,待确认,🔲 本表新建
74,Q-RELN02,五、上位者专项,关系形态,,是否要求关系排他,单选,要求排他 / 不要求 / 需协商,男S/女S,上下位 = S,Q-GATE-01,,是,公开,是,待确认,🔲 本表新建
75,Q-RELN03,五、上位者专项,关系形态,,是否接受下位者同时有现实伴侣,单选,接受 / 需知情 / 不接受,男S/女S,上下位 = S,Q-GATE-01,,是,公开,是,待确认,🔲 本表新建
76,Q-RELN04,五、上位者专项,关系形态,,你希望关系如何结束,单选,随时可提出，无需理由 / 需当面沟通 / 需约定冷静期,男S/女S,上下位 = S,Q-GATE-01,,是,公开,是,待确认,🔲 本表新建 · ★「如何退出」比「如何开始」更能反映关系的安全性
77,Q-RELN05,五、上位者专项,关系形态,,日常联系的频率与时段期待,文本,,男S/女S,上下位 = S,Q-GATE-01,,是,公开,是,待确认,🔲 本表新建
78,Q-RELN06,五、上位者专项,关系形态,,是否接受下位者保留部分私人空间,单选,完全接受 / 基本接受 / 希望尽量透明,男S/女S,上下位 = S,Q-GATE-01,,是,公开,是,待确认,🔲 本表新建
79,Q-RELN07,五、上位者专项,关系形态,,是否愿意定期做一次关系复盘,单选,每月 / 每季度 / 有问题时 / 不需要,男S/女S,上下位 = S,Q-GATE-01,,是,公开,是,待确认,🔲 本表新建
80,Q-COM01,五、上位者专项,沟通方式,,你的指令风格偏向,多选（限2）,简洁直接 / 循序渐进 / 引导式提问 / 情境式描述 / 严肃规训 / 轻松玩笑,男S/女S,上下位 = S,Q-GATE-01,,是,公开,是,待确认,🔲 本表新建
81,Q-COM02,五、上位者专项,沟通方式,,期望下位者如何反馈不适,多选,直接说出口 / 用安全词 / 用手势或信号 / 事后再说 / 不希望打断,男S/女S,上下位 = S,Q-GATE-01,,是,公开,是,待确认,🔲 本表新建
82,Q-COM03,五、上位者专项,沟通方式,,出现分歧时你倾向,单选,当场暂停并沟通 / 事后单独谈 / 由我决定 / 视情况,男S/女S,上下位 = S,Q-GATE-01,,是,公开,是,待确认,🔲 本表新建
83,Q-PRV01,五、上位者专项,隐私与影像,,拍摄的照片视频如何保存,单选,仅本地加密 / 私密相册 / 云端加密 / 不做特殊处理,男S/女S,上下位 = S,Q-GATE-01,,是,公开,是,待确认,🔲 本表新建 · ★ M 最担心的一环
84,Q-PRV02,五、上位者专项,隐私与影像,,是否会公开或分享下位者的影像,单选,绝不 / 打码后可能 / 需逐次征得同意 / 会分享,男S/女S,上下位 = S,Q-GATE-01,,是,公开,是,待确认,🔲 本表新建 · ★ 此项为信任底线
85,Q-PRV03,五、上位者专项,隐私与影像,,关系结束后是否归还或删除影像,单选,全部删除 / 归还本人 / 保留 / 需协商,男S/女S,上下位 = S,Q-GATE-01,,是,公开,是,待确认,🔲 本表新建
86,Q-PRV04,五、上位者专项,隐私与影像,,是否会向他人透露下位者的真实身份信息,单选,绝不 / 仅圈内化名 / 视情况,男S/女S,上下位 = S,Q-GATE-01,,是,公开,是,待确认,🔲 本表新建
87,Q-PRV05,五、上位者专项,隐私与影像,,哪些信息你承诺永不外泄,多选,真实姓名 / 住址 / 工作单位 / 联系方式 / 影像素材 / 圈内身份关联,男S/女S,上下位 = S,Q-GATE-01,,是,公开,是,待确认,🔲 本表新建
88,Q-LIV01,五、上位者专项,现实条件,,所在城市与常驻区域,文本,,男S/女S,上下位 = S,Q-GATE-01,,是,隐私（可控制公开）,是,待确认,🔲 本表新建 · 决定能否线下
89,Q-LIV02,五、上位者专项,现实条件,,是否接受异地下位者,单选,接受 / 仅接受可定期见面 / 不接受,男S/女S,上下位 = S,Q-GATE-01,,是,公开,是,待确认,🔲 本表新建
90,Q-LIV03,五、上位者专项,现实条件,,是否具备固定且私密的场地,单选,有 / 没有 / 需另外安排,男S/女S,上下位 = S,Q-GATE-01,,是,公开,是,待确认,🔲 本表新建 · 场地是安全与隐私的前提
91,Q-LIV04,五、上位者专项,现实条件,,可投入的时间与精力,单选,几乎全天可支配 / 每天固定时段 / 仅周末 / 不固定,男S/女S,上下位 = S,Q-GATE-01,,是,公开,是,待确认,🔲 本表新建
92,Q-E01,六、性经历与偏好,初次经历,,第一次自慰是什么时候,文本 / 长文本,,男S/女S/男M/女M,始终显示,,,是,公开,是,待确认,
93,Q-E02,六、性经历与偏好,初次经历,,第一次做爱的时间与经过,长文本,,男S/女S/男M/女M,始终显示,,,是,公开,是,待确认,
94,Q-E03,六、性经历与偏好,初次经历,,第一次破处年纪,数字,,男S/女S/男M/女M,始终显示,,,是,公开,是,待确认,
95,Q-E04,六、性经历与偏好,初次经历,,破处对象与地点，是否满意,长文本,,男S/女S/男M/女M,始终显示,,,是,公开,是,待确认,
96,Q-E05,六、性经历与偏好,经历统计,,曾经和多少人发生过性爱,数字,,男S/女S/男M/女M,始终显示,,,是,公开,是,待确认,
97,Q-E06,六、性经历与偏好,经历统计,,百人斩进度,数字,,男M/女M,上下位 = M,Q-GATE-01,,是,公开,是,待确认,★ M 侧专属
98,Q-E07,六、性经历与偏好,经历统计,,都被什么人发生过关系,长文本,,男M/女M,上下位 = M,Q-GATE-01,,是,公开,是,待确认,★ M 侧专属
99,Q-E08,六、性经历与偏好,经历统计,,做爱频率,单选,每天 / 每周数次 / 每周一次 / 每月 / 不定期,男S/女S/男M/女M,始终显示,,,是,公开,是,待确认,
100,Q-E09,六、性经历与偏好,多人场景,,是否多人,单选,是 / 否,男S/女S/男M/女M,始终显示,,,是,公开,是,待确认,
101,Q-E10,六、性经历与偏好,多人场景,,最多几人同房,数字,,男S/女S/男M/女M,Q-E09 = 是,Q-E09,Q-E09 = 否 → 跳过本题,是,公开,是,待确认,
102,Q-E11,六、性经历与偏好,难忘经历,,最难忘的性爱,长文本,,男S/女S/男M/女M,始终显示,,,是,公开,是,待确认,
103,Q-E12,六、性经历与偏好,难忘经历,,最刺激 / 难忘的经历,长文本,,男S/女S/男M/女M,始终显示,,,是,公开,是,待确认,
104,Q-E13,六、性经历与偏好,难忘经历,,最淫荡的经历,长文本,,男M/女M,上下位 = M,Q-GATE-01,,是,公开,是,待确认,★ M 侧专属
105,Q-E14,六、性经历与偏好,难忘经历,,最下贱的过去,长文本,,男M/女M,上下位 = M,Q-GATE-01,,是,公开,是,待确认,★ M 侧专属
106,Q-E15,六、性经历与偏好,自慰,,最喜欢在什么情况下自慰,长文本,,男S/女S/男M/女M,始终显示,,,是,公开,是,待确认,
107,Q-E16,六、性经历与偏好,自慰,,常用自慰方式,多选,,男S/女S/男M/女M,始终显示,,,是,公开,是,待确认,
108,Q-E17,六、性经历与偏好,自慰,,高潮时有什么表现,长文本,,男S/女S/男M/女M,始终显示,,,是,公开,是,待确认,
109,Q-E18,六、性经历与偏好,自慰,,第一次高潮感受,长文本,,男S/女S/男M/女M,始终显示,,,是,公开,是,待确认,
110,Q-E19,六、性经历与偏好,性爱偏好,,性爱的姿势偏好,多选,,男S/女S/男M/女M,始终显示,,,是,公开,是,待确认,
111,Q-E20,六、性经历与偏好,性爱偏好,,口交的喜好,单选,喜欢 / 一般 / 不喜欢 / 未尝试,男S/女S/男M/女M,始终显示,,,是,公开,是,待确认,女性身份显示「被口 / 口交」，男性身份显示「口交」
112,Q-E21,六、性经历与偏好,性爱偏好,,性爱时会发出什么样的声音,长文本,,男S/女S/男M/女M,始终显示,,,是,公开,是,待确认,
113,Q-E22,六、性经历与偏好,性爱偏好,,做爱时你希望的穿着,多选,,男S/女S/男M/女M,始终显示,,,是,公开,是,待确认,
114,Q-E23,六、性经历与偏好,性爱偏好,,做爱时希望对方羞辱你的方式,长文本,,男M/女M,上下位 = M,Q-GATE-01,,是,公开,是,待确认,★ M 侧专属
115,Q-E24,六、性经历与偏好,生殖器相关,,对于阴茎的看法,长文本,,男S/女S/男M/女M,始终显示,,,是,公开,是,待确认,男M/S 与女S/M 关注点不同，题干可随身份调整
116,Q-E25,六、性经历与偏好,生殖器相关,,第一次看见阴茎是什么时候,文本,,男S/女S/男M/女M,始终显示,,,是,公开,是,待确认,
117,Q-E26,六、性经历与偏好,生殖器相关,,第一次看见阴茎的感受,长文本,,男S/女S/男M/女M,始终显示,,,是,公开,是,待确认,
118,Q-E27,六、性经历与偏好,生殖器相关,,睾丸相关体验（挤压 / 击打）,多选 / 量表,未尝试 / 能接受 / 喜欢 / 不接受,男S/男M,性别 = 男,Q-GATE-01,,是,公开,是,待确认,★ 男性专属
119,Q-E28,六、性经历与偏好,生殖器相关,,阳具崇拜倾向,量表,完全不 / 轻微 / 一般 / 强烈,男S/男M,性别 = 男,Q-GATE-01,,是,公开,是,待确认,★ 男性专属
120,Q-EX01,七、露出与影像,露出,,是否尝试过或幻想过露出,单选,尝试过 / 幻想过 / 都没有,男S/女S/男M/女M,始终显示,,,是,公开,是,待确认,
121,Q-EX02,七、露出与影像,露出,,接受露出的最大尺度,单选,不接受 / 私密空间 / 半公开 / 公开场合,男S/女S/男M/女M,始终显示,,,是,公开,是,待确认,
122,Q-EX03,七、露出与影像,露出,,幻想露出最刺激的玩法,长文本,,男S/女S/男M/女M,始终显示,,,是,公开,是,待确认,
123,Q-EX04,七、露出与影像,露出,,是否拍摄过露出性感照片,单选,是 / 否,男S/女S/男M/女M,始终显示,,,是,公开,是,待确认,
124,Q-EX05,七、露出与影像,露出,,是否希望在户外等场景尝试,单选,是 / 否 / 看情况,男S/女S/男M/女M,始终显示,,,是,公开,是,待确认,
125,Q-EX06,七、露出与影像,影像,,是否希望拍摄自己的照片或视频,单选,是 / 否 / 视内容而定,男S/女S/男M/女M,始终显示,,,是,公开,是,待确认,
126,Q-EX07,七、露出与影像,影像,,有拍摄全裸写真的意愿吗,单选,是 / 否,男S/女S/男M/女M,始终显示,,,是,公开,是,待确认,
127,Q-EX08,七、露出与影像,影像,,能够接受最大尺度的拍摄内容,单选,不外拍 / 半裸 / 全裸 / 露脸全裸,男S/女S/男M/女M,始终显示,,,是,公开,是,待确认,
128,Q-EX09,七、露出与影像,影像,,是否与陌生人分享过,单选,是 / 否,男S/女S/男M/女M,始终显示,,,是,公开,是,待确认,
129,Q-EX10,七、露出与影像,影像,,生活照片,图片上传（多张）,,男S/女S/男M/女M,始终显示,,,是,生活照（可控制公开）,是,待确认,★ 受隐私开关控制
130,Q-EX11,七、露出与影像,影像,,隐私照片,图片上传（多张）,,男S/女S/男M/女M,始终显示,,,是,私密影像（受隐私开关控制）,是,待确认,★ 受隐私开关控制
131,Q-EX12,七、露出与影像,影像,,验证素材（与手写 @Foxsir 合照等）,图片上传,,男S/女S/男M/女M,始终显示,,,是,私密影像,是,待确认,★ 用于「本人填写」核验
132,Q-EX13,七、露出与影像,陌生人互动,,当陌生人跟你聊相关内容时，你的内心是,单选,反感 / 无感 / 接受 / 享受,男S/女S/男M/女M,始终显示,,,是,公开,是,待确认,
133,Q-EX14,七、露出与影像,陌生人互动,,如果有人给你发私密照片，你的反应是,单选,反感 / 无感 / 接受 / 享受,男S/女S/男M/女M,始终显示,,,是,公开,是,待确认,
134,Q-EX15,七、露出与影像,陌生人互动,,如果被偷摸偷拍，你的反应是,单选,报警 / 反感 / 无感 / 刺激,男S/女S/男M/女M,始终显示,,,是,公开,是,待确认,
135,Q-INT-01-GATE,八、兴趣体系,01 束缚与限制,,您对「01 束缚与限制」是否感兴趣？,单选（必答）,感兴趣 / 不感兴趣 / 想先了解,男S/女S/男M/女M,始终显示,,选「不感兴趣」→ 跳过本类全部 15 个维度题,是,公开,是,待确认,★ 兴趣门：为否则整块折叠，是 Fillout 条件逻辑的主要挂载点
136,Q-INT-01-01,八、兴趣体系,01 束缚与限制,,01 束缚与限制 · 认知程度,单选,完全不了解 / 听说过 / 了解 / 熟悉,男S/女S/男M/女M,Q-INT-01-GATE ≠ 不感兴趣,Q-INT-01-GATE,,是,公开,是,待确认,
137,Q-INT-01-02,八、兴趣体系,01 束缚与限制,,01 束缚与限制 · 兴趣程度,量表,1–5 分,男S/女S/男M/女M,Q-INT-01-GATE ≠ 不感兴趣,Q-INT-01-GATE,,是,公开,是,待确认,
138,Q-INT-01-03,八、兴趣体系,01 束缚与限制,,01 束缚与限制 · 经验程度,单选,未接触 / 尝试过一两次 / 有经验 / 经验丰富,男S/女S/男M/女M,Q-INT-01-GATE ≠ 不感兴趣,Q-INT-01-GATE,,是,公开,是,待确认,
139,Q-INT-01-04,八、兴趣体系,01 束缚与限制,,01 束缚与限制 · 尝试意愿,单选,不愿意 / 看情况 / 愿意 / 很想尝试,男S/女S/男M/女M,Q-INT-01-GATE ≠ 不感兴趣,Q-INT-01-GATE,,是,公开,是,待确认,
140,Q-INT-01-05,八、兴趣体系,01 束缚与限制,,01 束缚与限制 · 边界,长文本,明确不能接受的部分,男S/女S/男M/女M,Q-INT-01-GATE ≠ 不感兴趣,Q-INT-01-GATE,,是,公开,是,待确认,
141,Q-INT-01-06,八、兴趣体系,01 束缚与限制,,01 束缚与限制 · 条件,多选,需对方在场 / 需特定器材 / 需私密空间 / 需事先沟通 / 其他,男S/女S/男M/女M,Q-INT-01-GATE ≠ 不感兴趣,Q-INT-01-GATE,,是,公开,是,待确认,
142,Q-INT-01-07,八、兴趣体系,01 束缚与限制,,01 束缚与限制 · 对象,单选,仅固定伴侣 / 熟悉的人 / 陌生人 / 不限,男S/女S/男M/女M,Q-INT-01-GATE ≠ 不感兴趣,Q-INT-01-GATE,,是,公开,是,待确认,
143,Q-INT-01-08,八、兴趣体系,01 束缚与限制,,01 束缚与限制 · 场景,多选,居家 / 户外 / 公共隐秘处 / 线上 / 专业场地,男S/女S/男M/女M,Q-INT-01-GATE ≠ 不感兴趣,Q-INT-01-GATE,,是,公开,是,待确认,
144,Q-INT-01-09,八、兴趣体系,01 束缚与限制,,01 束缚与限制 · 关系,单选,仅短期体验 / 仅长期关系 / 都可以,男S/女S/男M/女M,Q-INT-01-GATE ≠ 不感兴趣,Q-INT-01-GATE,,是,公开,是,待确认,
145,Q-INT-01-10,八、兴趣体系,01 束缚与限制,,01 束缚与限制 · 沟通,长文本,接触前需要沟通的内容,男S/女S/男M/女M,Q-INT-01-GATE ≠ 不感兴趣,Q-INT-01-GATE,,是,公开,是,待确认,
146,Q-INT-01-11,八、兴趣体系,01 束缚与限制,,01 束缚与限制 · 安全,多选,安全词 / 中止条件 / 事后护理 / 医疗准备 / 其他,男S/女S/男M/女M,Q-INT-01-GATE ≠ 不感兴趣,Q-INT-01-GATE,,是,公开,是,待确认,
147,Q-INT-01-12,八、兴趣体系,01 束缚与限制,,01 束缚与限制 · 心理,长文本,可能带来的积极或消极情绪,男S/女S/男M/女M,Q-INT-01-GATE ≠ 不感兴趣,Q-INT-01-GATE,,是,公开,是,待确认,
148,Q-INT-01-13,八、兴趣体系,01 束缚与限制,,01 束缚与限制 · 强度,量表,1–5 级,男S/女S/男M/女M,Q-INT-01-GATE ≠ 不感兴趣,Q-INT-01-GATE,,是,公开,是,待确认,
149,Q-INT-01-14,八、兴趣体系,01 束缚与限制,,01 束缚与限制 · 变化,单选,完全没变 / 更感兴趣 / 兴趣下降 / 说不清,男S/女S/男M/女M,Q-INT-01-GATE ≠ 不感兴趣,Q-INT-01-GATE,,是,公开,是,待确认,
150,Q-INT-01-15,八、兴趣体系,01 束缚与限制,,01 束缚与限制 · 反馈,长文本,体验后希望如何评价与复盘,男S/女S/男M/女M,Q-INT-01-GATE ≠ 不感兴趣,Q-INT-01-GATE,,是,公开,是,待确认,
151,Q-INT-02-GATE,八、兴趣体系,02 冲击与粗暴玩法,,您对「02 冲击与粗暴玩法」是否感兴趣？,单选（必答）,感兴趣 / 不感兴趣 / 想先了解,男S/女S/男M/女M,始终显示,,选「不感兴趣」→ 跳过本类全部 15 个维度题,是,公开,是,待确认,★ 兴趣门：为否则整块折叠，是 Fillout 条件逻辑的主要挂载点
152,Q-INT-02-01,八、兴趣体系,02 冲击与粗暴玩法,,02 冲击与粗暴玩法 · 认知程度,单选,完全不了解 / 听说过 / 了解 / 熟悉,男S/女S/男M/女M,Q-INT-02-GATE ≠ 不感兴趣,Q-INT-02-GATE,,是,公开,是,待确认,
153,Q-INT-02-02,八、兴趣体系,02 冲击与粗暴玩法,,02 冲击与粗暴玩法 · 兴趣程度,量表,1–5 分,男S/女S/男M/女M,Q-INT-02-GATE ≠ 不感兴趣,Q-INT-02-GATE,,是,公开,是,待确认,
154,Q-INT-02-03,八、兴趣体系,02 冲击与粗暴玩法,,02 冲击与粗暴玩法 · 经验程度,单选,未接触 / 尝试过一两次 / 有经验 / 经验丰富,男S/女S/男M/女M,Q-INT-02-GATE ≠ 不感兴趣,Q-INT-02-GATE,,是,公开,是,待确认,
155,Q-INT-02-04,八、兴趣体系,02 冲击与粗暴玩法,,02 冲击与粗暴玩法 · 尝试意愿,单选,不愿意 / 看情况 / 愿意 / 很想尝试,男S/女S/男M/女M,Q-INT-02-GATE ≠ 不感兴趣,Q-INT-02-GATE,,是,公开,是,待确认,
156,Q-INT-02-05,八、兴趣体系,02 冲击与粗暴玩法,,02 冲击与粗暴玩法 · 边界,长文本,明确不能接受的部分,男S/女S/男M/女M,Q-INT-02-GATE ≠ 不感兴趣,Q-INT-02-GATE,,是,公开,是,待确认,
157,Q-INT-02-06,八、兴趣体系,02 冲击与粗暴玩法,,02 冲击与粗暴玩法 · 条件,多选,需对方在场 / 需特定器材 / 需私密空间 / 需事先沟通 / 其他,男S/女S/男M/女M,Q-INT-02-GATE ≠ 不感兴趣,Q-INT-02-GATE,,是,公开,是,待确认,
158,Q-INT-02-07,八、兴趣体系,02 冲击与粗暴玩法,,02 冲击与粗暴玩法 · 对象,单选,仅固定伴侣 / 熟悉的人 / 陌生人 / 不限,男S/女S/男M/女M,Q-INT-02-GATE ≠ 不感兴趣,Q-INT-02-GATE,,是,公开,是,待确认,
159,Q-INT-02-08,八、兴趣体系,02 冲击与粗暴玩法,,02 冲击与粗暴玩法 · 场景,多选,居家 / 户外 / 公共隐秘处 / 线上 / 专业场地,男S/女S/男M/女M,Q-INT-02-GATE ≠ 不感兴趣,Q-INT-02-GATE,,是,公开,是,待确认,
160,Q-INT-02-09,八、兴趣体系,02 冲击与粗暴玩法,,02 冲击与粗暴玩法 · 关系,单选,仅短期体验 / 仅长期关系 / 都可以,男S/女S/男M/女M,Q-INT-02-GATE ≠ 不感兴趣,Q-INT-02-GATE,,是,公开,是,待确认,
161,Q-INT-02-10,八、兴趣体系,02 冲击与粗暴玩法,,02 冲击与粗暴玩法 · 沟通,长文本,接触前需要沟通的内容,男S/女S/男M/女M,Q-INT-02-GATE ≠ 不感兴趣,Q-INT-02-GATE,,是,公开,是,待确认,
162,Q-INT-02-11,八、兴趣体系,02 冲击与粗暴玩法,,02 冲击与粗暴玩法 · 安全,多选,安全词 / 中止条件 / 事后护理 / 医疗准备 / 其他,男S/女S/男M/女M,Q-INT-02-GATE ≠ 不感兴趣,Q-INT-02-GATE,,是,公开,是,待确认,
163,Q-INT-02-12,八、兴趣体系,02 冲击与粗暴玩法,,02 冲击与粗暴玩法 · 心理,长文本,可能带来的积极或消极情绪,男S/女S/男M/女M,Q-INT-02-GATE ≠ 不感兴趣,Q-INT-02-GATE,,是,公开,是,待确认,
164,Q-INT-02-13,八、兴趣体系,02 冲击与粗暴玩法,,02 冲击与粗暴玩法 · 强度,量表,1–5 级,男S/女S/男M/女M,Q-INT-02-GATE ≠ 不感兴趣,Q-INT-02-GATE,,是,公开,是,待确认,
165,Q-INT-02-14,八、兴趣体系,02 冲击与粗暴玩法,,02 冲击与粗暴玩法 · 变化,单选,完全没变 / 更感兴趣 / 兴趣下降 / 说不清,男S/女S/男M/女M,Q-INT-02-GATE ≠ 不感兴趣,Q-INT-02-GATE,,是,公开,是,待确认,
166,Q-INT-02-15,八、兴趣体系,02 冲击与粗暴玩法,,02 冲击与粗暴玩法 · 反馈,长文本,体验后希望如何评价与复盘,男S/女S/男M/女M,Q-INT-02-GATE ≠ 不感兴趣,Q-INT-02-GATE,,是,公开,是,待确认,
167,Q-INT-03-GATE,八、兴趣体系,03 感官刺激,,您对「03 感官刺激」是否感兴趣？,单选（必答）,感兴趣 / 不感兴趣 / 想先了解,男S/女S/男M/女M,始终显示,,选「不感兴趣」→ 跳过本类全部 15 个维度题,是,公开,是,待确认,★ 兴趣门：为否则整块折叠，是 Fillout 条件逻辑的主要挂载点
168,Q-INT-03-01,八、兴趣体系,03 感官刺激,,03 感官刺激 · 认知程度,单选,完全不了解 / 听说过 / 了解 / 熟悉,男S/女S/男M/女M,Q-INT-03-GATE ≠ 不感兴趣,Q-INT-03-GATE,,是,公开,是,待确认,
169,Q-INT-03-02,八、兴趣体系,03 感官刺激,,03 感官刺激 · 兴趣程度,量表,1–5 分,男S/女S/男M/女M,Q-INT-03-GATE ≠ 不感兴趣,Q-INT-03-GATE,,是,公开,是,待确认,
170,Q-INT-03-03,八、兴趣体系,03 感官刺激,,03 感官刺激 · 经验程度,单选,未接触 / 尝试过一两次 / 有经验 / 经验丰富,男S/女S/男M/女M,Q-INT-03-GATE ≠ 不感兴趣,Q-INT-03-GATE,,是,公开,是,待确认,
171,Q-INT-03-04,八、兴趣体系,03 感官刺激,,03 感官刺激 · 尝试意愿,单选,不愿意 / 看情况 / 愿意 / 很想尝试,男S/女S/男M/女M,Q-INT-03-GATE ≠ 不感兴趣,Q-INT-03-GATE,,是,公开,是,待确认,
172,Q-INT-03-05,八、兴趣体系,03 感官刺激,,03 感官刺激 · 边界,长文本,明确不能接受的部分,男S/女S/男M/女M,Q-INT-03-GATE ≠ 不感兴趣,Q-INT-03-GATE,,是,公开,是,待确认,
173,Q-INT-03-06,八、兴趣体系,03 感官刺激,,03 感官刺激 · 条件,多选,需对方在场 / 需特定器材 / 需私密空间 / 需事先沟通 / 其他,男S/女S/男M/女M,Q-INT-03-GATE ≠ 不感兴趣,Q-INT-03-GATE,,是,公开,是,待确认,
174,Q-INT-03-07,八、兴趣体系,03 感官刺激,,03 感官刺激 · 对象,单选,仅固定伴侣 / 熟悉的人 / 陌生人 / 不限,男S/女S/男M/女M,Q-INT-03-GATE ≠ 不感兴趣,Q-INT-03-GATE,,是,公开,是,待确认,
175,Q-INT-03-08,八、兴趣体系,03 感官刺激,,03 感官刺激 · 场景,多选,居家 / 户外 / 公共隐秘处 / 线上 / 专业场地,男S/女S/男M/女M,Q-INT-03-GATE ≠ 不感兴趣,Q-INT-03-GATE,,是,公开,是,待确认,
176,Q-INT-03-09,八、兴趣体系,03 感官刺激,,03 感官刺激 · 关系,单选,仅短期体验 / 仅长期关系 / 都可以,男S/女S/男M/女M,Q-INT-03-GATE ≠ 不感兴趣,Q-INT-03-GATE,,是,公开,是,待确认,
177,Q-INT-03-10,八、兴趣体系,03 感官刺激,,03 感官刺激 · 沟通,长文本,接触前需要沟通的内容,男S/女S/男M/女M,Q-INT-03-GATE ≠ 不感兴趣,Q-INT-03-GATE,,是,公开,是,待确认,
178,Q-INT-03-11,八、兴趣体系,03 感官刺激,,03 感官刺激 · 安全,多选,安全词 / 中止条件 / 事后护理 / 医疗准备 / 其他,男S/女S/男M/女M,Q-INT-03-GATE ≠ 不感兴趣,Q-INT-03-GATE,,是,公开,是,待确认,
179,Q-INT-03-12,八、兴趣体系,03 感官刺激,,03 感官刺激 · 心理,长文本,可能带来的积极或消极情绪,男S/女S/男M/女M,Q-INT-03-GATE ≠ 不感兴趣,Q-INT-03-GATE,,是,公开,是,待确认,
180,Q-INT-03-13,八、兴趣体系,03 感官刺激,,03 感官刺激 · 强度,量表,1–5 级,男S/女S/男M/女M,Q-INT-03-GATE ≠ 不感兴趣,Q-INT-03-GATE,,是,公开,是,待确认,
181,Q-INT-03-14,八、兴趣体系,03 感官刺激,,03 感官刺激 · 变化,单选,完全没变 / 更感兴趣 / 兴趣下降 / 说不清,男S/女S/男M/女M,Q-INT-03-GATE ≠ 不感兴趣,Q-INT-03-GATE,,是,公开,是,待确认,
182,Q-INT-03-15,八、兴趣体系,03 感官刺激,,03 感官刺激 · 反馈,长文本,体验后希望如何评价与复盘,男S/女S/男M/女M,Q-INT-03-GATE ≠ 不感兴趣,Q-INT-03-GATE,,是,公开,是,待确认,
183,Q-INT-04-GATE,八、兴趣体系,04 支配与顺从权力交换,,您对「04 支配与顺从权力交换」是否感兴趣？,单选（必答）,感兴趣 / 不感兴趣 / 想先了解,男S/女S/男M/女M,始终显示,,选「不感兴趣」→ 跳过本类全部 15 个维度题,是,公开,是,待确认,★ 兴趣门：为否则整块折叠，是 Fillout 条件逻辑的主要挂载点
184,Q-INT-04-01,八、兴趣体系,04 支配与顺从权力交换,,04 支配与顺从权力交换 · 认知程度,单选,完全不了解 / 听说过 / 了解 / 熟悉,男S/女S/男M/女M,Q-INT-04-GATE ≠ 不感兴趣,Q-INT-04-GATE,,是,公开,是,待确认,
185,Q-INT-04-02,八、兴趣体系,04 支配与顺从权力交换,,04 支配与顺从权力交换 · 兴趣程度,量表,1–5 分,男S/女S/男M/女M,Q-INT-04-GATE ≠ 不感兴趣,Q-INT-04-GATE,,是,公开,是,待确认,
186,Q-INT-04-03,八、兴趣体系,04 支配与顺从权力交换,,04 支配与顺从权力交换 · 经验程度,单选,未接触 / 尝试过一两次 / 有经验 / 经验丰富,男S/女S/男M/女M,Q-INT-04-GATE ≠ 不感兴趣,Q-INT-04-GATE,,是,公开,是,待确认,
187,Q-INT-04-04,八、兴趣体系,04 支配与顺从权力交换,,04 支配与顺从权力交换 · 尝试意愿,单选,不愿意 / 看情况 / 愿意 / 很想尝试,男S/女S/男M/女M,Q-INT-04-GATE ≠ 不感兴趣,Q-INT-04-GATE,,是,公开,是,待确认,
188,Q-INT-04-05,八、兴趣体系,04 支配与顺从权力交换,,04 支配与顺从权力交换 · 边界,长文本,明确不能接受的部分,男S/女S/男M/女M,Q-INT-04-GATE ≠ 不感兴趣,Q-INT-04-GATE,,是,公开,是,待确认,
189,Q-INT-04-06,八、兴趣体系,04 支配与顺从权力交换,,04 支配与顺从权力交换 · 条件,多选,需对方在场 / 需特定器材 / 需私密空间 / 需事先沟通 / 其他,男S/女S/男M/女M,Q-INT-04-GATE ≠ 不感兴趣,Q-INT-04-GATE,,是,公开,是,待确认,
190,Q-INT-04-07,八、兴趣体系,04 支配与顺从权力交换,,04 支配与顺从权力交换 · 对象,单选,仅固定伴侣 / 熟悉的人 / 陌生人 / 不限,男S/女S/男M/女M,Q-INT-04-GATE ≠ 不感兴趣,Q-INT-04-GATE,,是,公开,是,待确认,
191,Q-INT-04-08,八、兴趣体系,04 支配与顺从权力交换,,04 支配与顺从权力交换 · 场景,多选,居家 / 户外 / 公共隐秘处 / 线上 / 专业场地,男S/女S/男M/女M,Q-INT-04-GATE ≠ 不感兴趣,Q-INT-04-GATE,,是,公开,是,待确认,
192,Q-INT-04-09,八、兴趣体系,04 支配与顺从权力交换,,04 支配与顺从权力交换 · 关系,单选,仅短期体验 / 仅长期关系 / 都可以,男S/女S/男M/女M,Q-INT-04-GATE ≠ 不感兴趣,Q-INT-04-GATE,,是,公开,是,待确认,
193,Q-INT-04-10,八、兴趣体系,04 支配与顺从权力交换,,04 支配与顺从权力交换 · 沟通,长文本,接触前需要沟通的内容,男S/女S/男M/女M,Q-INT-04-GATE ≠ 不感兴趣,Q-INT-04-GATE,,是,公开,是,待确认,
194,Q-INT-04-11,八、兴趣体系,04 支配与顺从权力交换,,04 支配与顺从权力交换 · 安全,多选,安全词 / 中止条件 / 事后护理 / 医疗准备 / 其他,男S/女S/男M/女M,Q-INT-04-GATE ≠ 不感兴趣,Q-INT-04-GATE,,是,公开,是,待确认,
195,Q-INT-04-12,八、兴趣体系,04 支配与顺从权力交换,,04 支配与顺从权力交换 · 心理,长文本,可能带来的积极或消极情绪,男S/女S/男M/女M,Q-INT-04-GATE ≠ 不感兴趣,Q-INT-04-GATE,,是,公开,是,待确认,
196,Q-INT-04-13,八、兴趣体系,04 支配与顺从权力交换,,04 支配与顺从权力交换 · 强度,量表,1–5 级,男S/女S/男M/女M,Q-INT-04-GATE ≠ 不感兴趣,Q-INT-04-GATE,,是,公开,是,待确认,
197,Q-INT-04-14,八、兴趣体系,04 支配与顺从权力交换,,04 支配与顺从权力交换 · 变化,单选,完全没变 / 更感兴趣 / 兴趣下降 / 说不清,男S/女S/男M/女M,Q-INT-04-GATE ≠ 不感兴趣,Q-INT-04-GATE,,是,公开,是,待确认,
198,Q-INT-04-15,八、兴趣体系,04 支配与顺从权力交换,,04 支配与顺从权力交换 · 反馈,长文本,体验后希望如何评价与复盘,男S/女S/男M/女M,Q-INT-04-GATE ≠ 不感兴趣,Q-INT-04-GATE,,是,公开,是,待确认,
199,Q-INT-05-GATE,八、兴趣体系,05 角色扮演,,您对「05 角色扮演」是否感兴趣？,单选（必答）,感兴趣 / 不感兴趣 / 想先了解,男S/女S/男M/女M,始终显示,,选「不感兴趣」→ 跳过本类全部 15 个维度题,是,公开,是,待确认,★ 兴趣门：为否则整块折叠，是 Fillout 条件逻辑的主要挂载点
200,Q-INT-05-01,八、兴趣体系,05 角色扮演,,05 角色扮演 · 认知程度,单选,完全不了解 / 听说过 / 了解 / 熟悉,男S/女S/男M/女M,Q-INT-05-GATE ≠ 不感兴趣,Q-INT-05-GATE,,是,公开,是,待确认,
201,Q-INT-05-02,八、兴趣体系,05 角色扮演,,05 角色扮演 · 兴趣程度,量表,1–5 分,男S/女S/男M/女M,Q-INT-05-GATE ≠ 不感兴趣,Q-INT-05-GATE,,是,公开,是,待确认,
202,Q-INT-05-03,八、兴趣体系,05 角色扮演,,05 角色扮演 · 经验程度,单选,未接触 / 尝试过一两次 / 有经验 / 经验丰富,男S/女S/男M/女M,Q-INT-05-GATE ≠ 不感兴趣,Q-INT-05-GATE,,是,公开,是,待确认,
203,Q-INT-05-04,八、兴趣体系,05 角色扮演,,05 角色扮演 · 尝试意愿,单选,不愿意 / 看情况 / 愿意 / 很想尝试,男S/女S/男M/女M,Q-INT-05-GATE ≠ 不感兴趣,Q-INT-05-GATE,,是,公开,是,待确认,
204,Q-INT-05-05,八、兴趣体系,05 角色扮演,,05 角色扮演 · 边界,长文本,明确不能接受的部分,男S/女S/男M/女M,Q-INT-05-GATE ≠ 不感兴趣,Q-INT-05-GATE,,是,公开,是,待确认,
205,Q-INT-05-06,八、兴趣体系,05 角色扮演,,05 角色扮演 · 条件,多选,需对方在场 / 需特定器材 / 需私密空间 / 需事先沟通 / 其他,男S/女S/男M/女M,Q-INT-05-GATE ≠ 不感兴趣,Q-INT-05-GATE,,是,公开,是,待确认,
206,Q-INT-05-07,八、兴趣体系,05 角色扮演,,05 角色扮演 · 对象,单选,仅固定伴侣 / 熟悉的人 / 陌生人 / 不限,男S/女S/男M/女M,Q-INT-05-GATE ≠ 不感兴趣,Q-INT-05-GATE,,是,公开,是,待确认,
207,Q-INT-05-08,八、兴趣体系,05 角色扮演,,05 角色扮演 · 场景,多选,居家 / 户外 / 公共隐秘处 / 线上 / 专业场地,男S/女S/男M/女M,Q-INT-05-GATE ≠ 不感兴趣,Q-INT-05-GATE,,是,公开,是,待确认,
208,Q-INT-05-09,八、兴趣体系,05 角色扮演,,05 角色扮演 · 关系,单选,仅短期体验 / 仅长期关系 / 都可以,男S/女S/男M/女M,Q-INT-05-GATE ≠ 不感兴趣,Q-INT-05-GATE,,是,公开,是,待确认,
209,Q-INT-05-10,八、兴趣体系,05 角色扮演,,05 角色扮演 · 沟通,长文本,接触前需要沟通的内容,男S/女S/男M/女M,Q-INT-05-GATE ≠ 不感兴趣,Q-INT-05-GATE,,是,公开,是,待确认,
210,Q-INT-05-11,八、兴趣体系,05 角色扮演,,05 角色扮演 · 安全,多选,安全词 / 中止条件 / 事后护理 / 医疗准备 / 其他,男S/女S/男M/女M,Q-INT-05-GATE ≠ 不感兴趣,Q-INT-05-GATE,,是,公开,是,待确认,
211,Q-INT-05-12,八、兴趣体系,05 角色扮演,,05 角色扮演 · 心理,长文本,可能带来的积极或消极情绪,男S/女S/男M/女M,Q-INT-05-GATE ≠ 不感兴趣,Q-INT-05-GATE,,是,公开,是,待确认,
212,Q-INT-05-13,八、兴趣体系,05 角色扮演,,05 角色扮演 · 强度,量表,1–5 级,男S/女S/男M/女M,Q-INT-05-GATE ≠ 不感兴趣,Q-INT-05-GATE,,是,公开,是,待确认,
213,Q-INT-05-14,八、兴趣体系,05 角色扮演,,05 角色扮演 · 变化,单选,完全没变 / 更感兴趣 / 兴趣下降 / 说不清,男S/女S/男M/女M,Q-INT-05-GATE ≠ 不感兴趣,Q-INT-05-GATE,,是,公开,是,待确认,
214,Q-INT-05-15,八、兴趣体系,05 角色扮演,,05 角色扮演 · 反馈,长文本,体验后希望如何评价与复盘,男S/女S/男M/女M,Q-INT-05-GATE ≠ 不感兴趣,Q-INT-05-GATE,,是,公开,是,待确认,
215,Q-INT-06-GATE,八、兴趣体系,06 恋物癖,,您对「06 恋物癖」是否感兴趣？,单选（必答）,感兴趣 / 不感兴趣 / 想先了解,男S/女S/男M/女M,始终显示,,选「不感兴趣」→ 跳过本类全部 15 个维度题,是,公开,是,待确认,★ 兴趣门：为否则整块折叠，是 Fillout 条件逻辑的主要挂载点
216,Q-INT-06-01,八、兴趣体系,06 恋物癖,,06 恋物癖 · 认知程度,单选,完全不了解 / 听说过 / 了解 / 熟悉,男S/女S/男M/女M,Q-INT-06-GATE ≠ 不感兴趣,Q-INT-06-GATE,,是,公开,是,待确认,
217,Q-INT-06-02,八、兴趣体系,06 恋物癖,,06 恋物癖 · 兴趣程度,量表,1–5 分,男S/女S/男M/女M,Q-INT-06-GATE ≠ 不感兴趣,Q-INT-06-GATE,,是,公开,是,待确认,
218,Q-INT-06-03,八、兴趣体系,06 恋物癖,,06 恋物癖 · 经验程度,单选,未接触 / 尝试过一两次 / 有经验 / 经验丰富,男S/女S/男M/女M,Q-INT-06-GATE ≠ 不感兴趣,Q-INT-06-GATE,,是,公开,是,待确认,
219,Q-INT-06-04,八、兴趣体系,06 恋物癖,,06 恋物癖 · 尝试意愿,单选,不愿意 / 看情况 / 愿意 / 很想尝试,男S/女S/男M/女M,Q-INT-06-GATE ≠ 不感兴趣,Q-INT-06-GATE,,是,公开,是,待确认,
220,Q-INT-06-05,八、兴趣体系,06 恋物癖,,06 恋物癖 · 边界,长文本,明确不能接受的部分,男S/女S/男M/女M,Q-INT-06-GATE ≠ 不感兴趣,Q-INT-06-GATE,,是,公开,是,待确认,
221,Q-INT-06-06,八、兴趣体系,06 恋物癖,,06 恋物癖 · 条件,多选,需对方在场 / 需特定器材 / 需私密空间 / 需事先沟通 / 其他,男S/女S/男M/女M,Q-INT-06-GATE ≠ 不感兴趣,Q-INT-06-GATE,,是,公开,是,待确认,
222,Q-INT-06-07,八、兴趣体系,06 恋物癖,,06 恋物癖 · 对象,单选,仅固定伴侣 / 熟悉的人 / 陌生人 / 不限,男S/女S/男M/女M,Q-INT-06-GATE ≠ 不感兴趣,Q-INT-06-GATE,,是,公开,是,待确认,
223,Q-INT-06-08,八、兴趣体系,06 恋物癖,,06 恋物癖 · 场景,多选,居家 / 户外 / 公共隐秘处 / 线上 / 专业场地,男S/女S/男M/女M,Q-INT-06-GATE ≠ 不感兴趣,Q-INT-06-GATE,,是,公开,是,待确认,
224,Q-INT-06-09,八、兴趣体系,06 恋物癖,,06 恋物癖 · 关系,单选,仅短期体验 / 仅长期关系 / 都可以,男S/女S/男M/女M,Q-INT-06-GATE ≠ 不感兴趣,Q-INT-06-GATE,,是,公开,是,待确认,
225,Q-INT-06-10,八、兴趣体系,06 恋物癖,,06 恋物癖 · 沟通,长文本,接触前需要沟通的内容,男S/女S/男M/女M,Q-INT-06-GATE ≠ 不感兴趣,Q-INT-06-GATE,,是,公开,是,待确认,
226,Q-INT-06-11,八、兴趣体系,06 恋物癖,,06 恋物癖 · 安全,多选,安全词 / 中止条件 / 事后护理 / 医疗准备 / 其他,男S/女S/男M/女M,Q-INT-06-GATE ≠ 不感兴趣,Q-INT-06-GATE,,是,公开,是,待确认,
227,Q-INT-06-12,八、兴趣体系,06 恋物癖,,06 恋物癖 · 心理,长文本,可能带来的积极或消极情绪,男S/女S/男M/女M,Q-INT-06-GATE ≠ 不感兴趣,Q-INT-06-GATE,,是,公开,是,待确认,
228,Q-INT-06-13,八、兴趣体系,06 恋物癖,,06 恋物癖 · 强度,量表,1–5 级,男S/女S/男M/女M,Q-INT-06-GATE ≠ 不感兴趣,Q-INT-06-GATE,,是,公开,是,待确认,
229,Q-INT-06-14,八、兴趣体系,06 恋物癖,,06 恋物癖 · 变化,单选,完全没变 / 更感兴趣 / 兴趣下降 / 说不清,男S/女S/男M/女M,Q-INT-06-GATE ≠ 不感兴趣,Q-INT-06-GATE,,是,公开,是,待确认,
230,Q-INT-06-15,八、兴趣体系,06 恋物癖,,06 恋物癖 · 反馈,长文本,体验后希望如何评价与复盘,男S/女S/男M/女M,Q-INT-06-GATE ≠ 不感兴趣,Q-INT-06-GATE,,是,公开,是,待确认,
231,Q-INT-07-GATE,八、兴趣体系,07 体液与功能玩法,,您对「07 体液与功能玩法」是否感兴趣？,单选（必答）,感兴趣 / 不感兴趣 / 想先了解,男S/女S/男M/女M,始终显示,,选「不感兴趣」→ 跳过本类全部 15 个维度题,是,公开,是,待确认,★ 兴趣门：为否则整块折叠，是 Fillout 条件逻辑的主要挂载点
232,Q-INT-07-01,八、兴趣体系,07 体液与功能玩法,,07 体液与功能玩法 · 认知程度,单选,完全不了解 / 听说过 / 了解 / 熟悉,男S/女S/男M/女M,Q-INT-07-GATE ≠ 不感兴趣,Q-INT-07-GATE,,是,公开,是,待确认,
233,Q-INT-07-02,八、兴趣体系,07 体液与功能玩法,,07 体液与功能玩法 · 兴趣程度,量表,1–5 分,男S/女S/男M/女M,Q-INT-07-GATE ≠ 不感兴趣,Q-INT-07-GATE,,是,公开,是,待确认,
234,Q-INT-07-03,八、兴趣体系,07 体液与功能玩法,,07 体液与功能玩法 · 经验程度,单选,未接触 / 尝试过一两次 / 有经验 / 经验丰富,男S/女S/男M/女M,Q-INT-07-GATE ≠ 不感兴趣,Q-INT-07-GATE,,是,公开,是,待确认,
235,Q-INT-07-04,八、兴趣体系,07 体液与功能玩法,,07 体液与功能玩法 · 尝试意愿,单选,不愿意 / 看情况 / 愿意 / 很想尝试,男S/女S/男M/女M,Q-INT-07-GATE ≠ 不感兴趣,Q-INT-07-GATE,,是,公开,是,待确认,
236,Q-INT-07-05,八、兴趣体系,07 体液与功能玩法,,07 体液与功能玩法 · 边界,长文本,明确不能接受的部分,男S/女S/男M/女M,Q-INT-07-GATE ≠ 不感兴趣,Q-INT-07-GATE,,是,公开,是,待确认,
237,Q-INT-07-06,八、兴趣体系,07 体液与功能玩法,,07 体液与功能玩法 · 条件,多选,需对方在场 / 需特定器材 / 需私密空间 / 需事先沟通 / 其他,男S/女S/男M/女M,Q-INT-07-GATE ≠ 不感兴趣,Q-INT-07-GATE,,是,公开,是,待确认,
238,Q-INT-07-07,八、兴趣体系,07 体液与功能玩法,,07 体液与功能玩法 · 对象,单选,仅固定伴侣 / 熟悉的人 / 陌生人 / 不限,男S/女S/男M/女M,Q-INT-07-GATE ≠ 不感兴趣,Q-INT-07-GATE,,是,公开,是,待确认,
239,Q-INT-07-08,八、兴趣体系,07 体液与功能玩法,,07 体液与功能玩法 · 场景,多选,居家 / 户外 / 公共隐秘处 / 线上 / 专业场地,男S/女S/男M/女M,Q-INT-07-GATE ≠ 不感兴趣,Q-INT-07-GATE,,是,公开,是,待确认,
240,Q-INT-07-09,八、兴趣体系,07 体液与功能玩法,,07 体液与功能玩法 · 关系,单选,仅短期体验 / 仅长期关系 / 都可以,男S/女S/男M/女M,Q-INT-07-GATE ≠ 不感兴趣,Q-INT-07-GATE,,是,公开,是,待确认,
241,Q-INT-07-10,八、兴趣体系,07 体液与功能玩法,,07 体液与功能玩法 · 沟通,长文本,接触前需要沟通的内容,男S/女S/男M/女M,Q-INT-07-GATE ≠ 不感兴趣,Q-INT-07-GATE,,是,公开,是,待确认,
242,Q-INT-07-11,八、兴趣体系,07 体液与功能玩法,,07 体液与功能玩法 · 安全,多选,安全词 / 中止条件 / 事后护理 / 医疗准备 / 其他,男S/女S/男M/女M,Q-INT-07-GATE ≠ 不感兴趣,Q-INT-07-GATE,,是,公开,是,待确认,
243,Q-INT-07-12,八、兴趣体系,07 体液与功能玩法,,07 体液与功能玩法 · 心理,长文本,可能带来的积极或消极情绪,男S/女S/男M/女M,Q-INT-07-GATE ≠ 不感兴趣,Q-INT-07-GATE,,是,公开,是,待确认,
244,Q-INT-07-13,八、兴趣体系,07 体液与功能玩法,,07 体液与功能玩法 · 强度,量表,1–5 级,男S/女S/男M/女M,Q-INT-07-GATE ≠ 不感兴趣,Q-INT-07-GATE,,是,公开,是,待确认,
245,Q-INT-07-14,八、兴趣体系,07 体液与功能玩法,,07 体液与功能玩法 · 变化,单选,完全没变 / 更感兴趣 / 兴趣下降 / 说不清,男S/女S/男M/女M,Q-INT-07-GATE ≠ 不感兴趣,Q-INT-07-GATE,,是,公开,是,待确认,
246,Q-INT-07-15,八、兴趣体系,07 体液与功能玩法,,07 体液与功能玩法 · 反馈,长文本,体验后希望如何评价与复盘,男S/女S/男M/女M,Q-INT-07-GATE ≠ 不感兴趣,Q-INT-07-GATE,,是,公开,是,待确认,
247,Q-INT-08-GATE,八、兴趣体系,08 非单一伴侣群体玩法,,您对「08 非单一伴侣群体玩法」是否感兴趣？,单选（必答）,感兴趣 / 不感兴趣 / 想先了解,男S/女S/男M/女M,始终显示,,选「不感兴趣」→ 跳过本类全部 15 个维度题,是,公开,是,待确认,★ 兴趣门：为否则整块折叠，是 Fillout 条件逻辑的主要挂载点
248,Q-INT-08-01,八、兴趣体系,08 非单一伴侣群体玩法,,08 非单一伴侣群体玩法 · 认知程度,单选,完全不了解 / 听说过 / 了解 / 熟悉,男S/女S/男M/女M,Q-INT-08-GATE ≠ 不感兴趣,Q-INT-08-GATE,,是,公开,是,待确认,
249,Q-INT-08-02,八、兴趣体系,08 非单一伴侣群体玩法,,08 非单一伴侣群体玩法 · 兴趣程度,量表,1–5 分,男S/女S/男M/女M,Q-INT-08-GATE ≠ 不感兴趣,Q-INT-08-GATE,,是,公开,是,待确认,
250,Q-INT-08-03,八、兴趣体系,08 非单一伴侣群体玩法,,08 非单一伴侣群体玩法 · 经验程度,单选,未接触 / 尝试过一两次 / 有经验 / 经验丰富,男S/女S/男M/女M,Q-INT-08-GATE ≠ 不感兴趣,Q-INT-08-GATE,,是,公开,是,待确认,
251,Q-INT-08-04,八、兴趣体系,08 非单一伴侣群体玩法,,08 非单一伴侣群体玩法 · 尝试意愿,单选,不愿意 / 看情况 / 愿意 / 很想尝试,男S/女S/男M/女M,Q-INT-08-GATE ≠ 不感兴趣,Q-INT-08-GATE,,是,公开,是,待确认,
252,Q-INT-08-05,八、兴趣体系,08 非单一伴侣群体玩法,,08 非单一伴侣群体玩法 · 边界,长文本,明确不能接受的部分,男S/女S/男M/女M,Q-INT-08-GATE ≠ 不感兴趣,Q-INT-08-GATE,,是,公开,是,待确认,
253,Q-INT-08-06,八、兴趣体系,08 非单一伴侣群体玩法,,08 非单一伴侣群体玩法 · 条件,多选,需对方在场 / 需特定器材 / 需私密空间 / 需事先沟通 / 其他,男S/女S/男M/女M,Q-INT-08-GATE ≠ 不感兴趣,Q-INT-08-GATE,,是,公开,是,待确认,
254,Q-INT-08-07,八、兴趣体系,08 非单一伴侣群体玩法,,08 非单一伴侣群体玩法 · 对象,单选,仅固定伴侣 / 熟悉的人 / 陌生人 / 不限,男S/女S/男M/女M,Q-INT-08-GATE ≠ 不感兴趣,Q-INT-08-GATE,,是,公开,是,待确认,
255,Q-INT-08-08,八、兴趣体系,08 非单一伴侣群体玩法,,08 非单一伴侣群体玩法 · 场景,多选,居家 / 户外 / 公共隐秘处 / 线上 / 专业场地,男S/女S/男M/女M,Q-INT-08-GATE ≠ 不感兴趣,Q-INT-08-GATE,,是,公开,是,待确认,
256,Q-INT-08-09,八、兴趣体系,08 非单一伴侣群体玩法,,08 非单一伴侣群体玩法 · 关系,单选,仅短期体验 / 仅长期关系 / 都可以,男S/女S/男M/女M,Q-INT-08-GATE ≠ 不感兴趣,Q-INT-08-GATE,,是,公开,是,待确认,
257,Q-INT-08-10,八、兴趣体系,08 非单一伴侣群体玩法,,08 非单一伴侣群体玩法 · 沟通,长文本,接触前需要沟通的内容,男S/女S/男M/女M,Q-INT-08-GATE ≠ 不感兴趣,Q-INT-08-GATE,,是,公开,是,待确认,
258,Q-INT-08-11,八、兴趣体系,08 非单一伴侣群体玩法,,08 非单一伴侣群体玩法 · 安全,多选,安全词 / 中止条件 / 事后护理 / 医疗准备 / 其他,男S/女S/男M/女M,Q-INT-08-GATE ≠ 不感兴趣,Q-INT-08-GATE,,是,公开,是,待确认,
259,Q-INT-08-12,八、兴趣体系,08 非单一伴侣群体玩法,,08 非单一伴侣群体玩法 · 心理,长文本,可能带来的积极或消极情绪,男S/女S/男M/女M,Q-INT-08-GATE ≠ 不感兴趣,Q-INT-08-GATE,,是,公开,是,待确认,
260,Q-INT-08-13,八、兴趣体系,08 非单一伴侣群体玩法,,08 非单一伴侣群体玩法 · 强度,量表,1–5 级,男S/女S/男M/女M,Q-INT-08-GATE ≠ 不感兴趣,Q-INT-08-GATE,,是,公开,是,待确认,
261,Q-INT-08-14,八、兴趣体系,08 非单一伴侣群体玩法,,08 非单一伴侣群体玩法 · 变化,单选,完全没变 / 更感兴趣 / 兴趣下降 / 说不清,男S/女S/男M/女M,Q-INT-08-GATE ≠ 不感兴趣,Q-INT-08-GATE,,是,公开,是,待确认,
262,Q-INT-08-15,八、兴趣体系,08 非单一伴侣群体玩法,,08 非单一伴侣群体玩法 · 反馈,长文本,体验后希望如何评价与复盘,男S/女S/男M/女M,Q-INT-08-GATE ≠ 不感兴趣,Q-INT-08-GATE,,是,公开,是,待确认,
263,Q-INT-09-GATE,八、兴趣体系,09 边缘玩法,,您对「09 边缘玩法」是否感兴趣？,单选（必答）,感兴趣 / 不感兴趣 / 想先了解,男S/女S/男M/女M,始终显示,,选「不感兴趣」→ 跳过本类全部 15 个维度题,是,公开,是,待确认,★ 兴趣门：为否则整块折叠，是 Fillout 条件逻辑的主要挂载点
264,Q-INT-09-01,八、兴趣体系,09 边缘玩法,,09 边缘玩法 · 认知程度,单选,完全不了解 / 听说过 / 了解 / 熟悉,男S/女S/男M/女M,Q-INT-09-GATE ≠ 不感兴趣,Q-INT-09-GATE,,是,公开,是,待确认,
265,Q-INT-09-02,八、兴趣体系,09 边缘玩法,,09 边缘玩法 · 兴趣程度,量表,1–5 分,男S/女S/男M/女M,Q-INT-09-GATE ≠ 不感兴趣,Q-INT-09-GATE,,是,公开,是,待确认,
266,Q-INT-09-03,八、兴趣体系,09 边缘玩法,,09 边缘玩法 · 经验程度,单选,未接触 / 尝试过一两次 / 有经验 / 经验丰富,男S/女S/男M/女M,Q-INT-09-GATE ≠ 不感兴趣,Q-INT-09-GATE,,是,公开,是,待确认,
267,Q-INT-09-04,八、兴趣体系,09 边缘玩法,,09 边缘玩法 · 尝试意愿,单选,不愿意 / 看情况 / 愿意 / 很想尝试,男S/女S/男M/女M,Q-INT-09-GATE ≠ 不感兴趣,Q-INT-09-GATE,,是,公开,是,待确认,
268,Q-INT-09-05,八、兴趣体系,09 边缘玩法,,09 边缘玩法 · 边界,长文本,明确不能接受的部分,男S/女S/男M/女M,Q-INT-09-GATE ≠ 不感兴趣,Q-INT-09-GATE,,是,公开,是,待确认,
269,Q-INT-09-06,八、兴趣体系,09 边缘玩法,,09 边缘玩法 · 条件,多选,需对方在场 / 需特定器材 / 需私密空间 / 需事先沟通 / 其他,男S/女S/男M/女M,Q-INT-09-GATE ≠ 不感兴趣,Q-INT-09-GATE,,是,公开,是,待确认,
270,Q-INT-09-07,八、兴趣体系,09 边缘玩法,,09 边缘玩法 · 对象,单选,仅固定伴侣 / 熟悉的人 / 陌生人 / 不限,男S/女S/男M/女M,Q-INT-09-GATE ≠ 不感兴趣,Q-INT-09-GATE,,是,公开,是,待确认,
271,Q-INT-09-08,八、兴趣体系,09 边缘玩法,,09 边缘玩法 · 场景,多选,居家 / 户外 / 公共隐秘处 / 线上 / 专业场地,男S/女S/男M/女M,Q-INT-09-GATE ≠ 不感兴趣,Q-INT-09-GATE,,是,公开,是,待确认,
272,Q-INT-09-09,八、兴趣体系,09 边缘玩法,,09 边缘玩法 · 关系,单选,仅短期体验 / 仅长期关系 / 都可以,男S/女S/男M/女M,Q-INT-09-GATE ≠ 不感兴趣,Q-INT-09-GATE,,是,公开,是,待确认,
273,Q-INT-09-10,八、兴趣体系,09 边缘玩法,,09 边缘玩法 · 沟通,长文本,接触前需要沟通的内容,男S/女S/男M/女M,Q-INT-09-GATE ≠ 不感兴趣,Q-INT-09-GATE,,是,公开,是,待确认,
274,Q-INT-09-11,八、兴趣体系,09 边缘玩法,,09 边缘玩法 · 安全,多选,安全词 / 中止条件 / 事后护理 / 医疗准备 / 其他,男S/女S/男M/女M,Q-INT-09-GATE ≠ 不感兴趣,Q-INT-09-GATE,,是,公开,是,待确认,
275,Q-INT-09-12,八、兴趣体系,09 边缘玩法,,09 边缘玩法 · 心理,长文本,可能带来的积极或消极情绪,男S/女S/男M/女M,Q-INT-09-GATE ≠ 不感兴趣,Q-INT-09-GATE,,是,公开,是,待确认,
276,Q-INT-09-13,八、兴趣体系,09 边缘玩法,,09 边缘玩法 · 强度,量表,1–5 级,男S/女S/男M/女M,Q-INT-09-GATE ≠ 不感兴趣,Q-INT-09-GATE,,是,公开,是,待确认,
277,Q-INT-09-14,八、兴趣体系,09 边缘玩法,,09 边缘玩法 · 变化,单选,完全没变 / 更感兴趣 / 兴趣下降 / 说不清,男S/女S/男M/女M,Q-INT-09-GATE ≠ 不感兴趣,Q-INT-09-GATE,,是,公开,是,待确认,
278,Q-INT-09-15,八、兴趣体系,09 边缘玩法,,09 边缘玩法 · 反馈,长文本,体验后希望如何评价与复盘,男S/女S/男M/女M,Q-INT-09-GATE ≠ 不感兴趣,Q-INT-09-GATE,,是,公开,是,待确认,
279,Q-INT-10-GATE,八、兴趣体系,10 医疗临床玩法,,您对「10 医疗临床玩法」是否感兴趣？,单选（必答）,感兴趣 / 不感兴趣 / 想先了解,男S/女S/男M/女M,始终显示,,选「不感兴趣」→ 跳过本类全部 15 个维度题,是,公开,是,待确认,★ 兴趣门：为否则整块折叠，是 Fillout 条件逻辑的主要挂载点
280,Q-INT-10-01,八、兴趣体系,10 医疗临床玩法,,10 医疗临床玩法 · 认知程度,单选,完全不了解 / 听说过 / 了解 / 熟悉,男S/女S/男M/女M,Q-INT-10-GATE ≠ 不感兴趣,Q-INT-10-GATE,,是,公开,是,待确认,
281,Q-INT-10-02,八、兴趣体系,10 医疗临床玩法,,10 医疗临床玩法 · 兴趣程度,量表,1–5 分,男S/女S/男M/女M,Q-INT-10-GATE ≠ 不感兴趣,Q-INT-10-GATE,,是,公开,是,待确认,
282,Q-INT-10-03,八、兴趣体系,10 医疗临床玩法,,10 医疗临床玩法 · 经验程度,单选,未接触 / 尝试过一两次 / 有经验 / 经验丰富,男S/女S/男M/女M,Q-INT-10-GATE ≠ 不感兴趣,Q-INT-10-GATE,,是,公开,是,待确认,
283,Q-INT-10-04,八、兴趣体系,10 医疗临床玩法,,10 医疗临床玩法 · 尝试意愿,单选,不愿意 / 看情况 / 愿意 / 很想尝试,男S/女S/男M/女M,Q-INT-10-GATE ≠ 不感兴趣,Q-INT-10-GATE,,是,公开,是,待确认,
284,Q-INT-10-05,八、兴趣体系,10 医疗临床玩法,,10 医疗临床玩法 · 边界,长文本,明确不能接受的部分,男S/女S/男M/女M,Q-INT-10-GATE ≠ 不感兴趣,Q-INT-10-GATE,,是,公开,是,待确认,
285,Q-INT-10-06,八、兴趣体系,10 医疗临床玩法,,10 医疗临床玩法 · 条件,多选,需对方在场 / 需特定器材 / 需私密空间 / 需事先沟通 / 其他,男S/女S/男M/女M,Q-INT-10-GATE ≠ 不感兴趣,Q-INT-10-GATE,,是,公开,是,待确认,
286,Q-INT-10-07,八、兴趣体系,10 医疗临床玩法,,10 医疗临床玩法 · 对象,单选,仅固定伴侣 / 熟悉的人 / 陌生人 / 不限,男S/女S/男M/女M,Q-INT-10-GATE ≠ 不感兴趣,Q-INT-10-GATE,,是,公开,是,待确认,
287,Q-INT-10-08,八、兴趣体系,10 医疗临床玩法,,10 医疗临床玩法 · 场景,多选,居家 / 户外 / 公共隐秘处 / 线上 / 专业场地,男S/女S/男M/女M,Q-INT-10-GATE ≠ 不感兴趣,Q-INT-10-GATE,,是,公开,是,待确认,
288,Q-INT-10-09,八、兴趣体系,10 医疗临床玩法,,10 医疗临床玩法 · 关系,单选,仅短期体验 / 仅长期关系 / 都可以,男S/女S/男M/女M,Q-INT-10-GATE ≠ 不感兴趣,Q-INT-10-GATE,,是,公开,是,待确认,
289,Q-INT-10-10,八、兴趣体系,10 医疗临床玩法,,10 医疗临床玩法 · 沟通,长文本,接触前需要沟通的内容,男S/女S/男M/女M,Q-INT-10-GATE ≠ 不感兴趣,Q-INT-10-GATE,,是,公开,是,待确认,
290,Q-INT-10-11,八、兴趣体系,10 医疗临床玩法,,10 医疗临床玩法 · 安全,多选,安全词 / 中止条件 / 事后护理 / 医疗准备 / 其他,男S/女S/男M/女M,Q-INT-10-GATE ≠ 不感兴趣,Q-INT-10-GATE,,是,公开,是,待确认,
291,Q-INT-10-12,八、兴趣体系,10 医疗临床玩法,,10 医疗临床玩法 · 心理,长文本,可能带来的积极或消极情绪,男S/女S/男M/女M,Q-INT-10-GATE ≠ 不感兴趣,Q-INT-10-GATE,,是,公开,是,待确认,
292,Q-INT-10-13,八、兴趣体系,10 医疗临床玩法,,10 医疗临床玩法 · 强度,量表,1–5 级,男S/女S/男M/女M,Q-INT-10-GATE ≠ 不感兴趣,Q-INT-10-GATE,,是,公开,是,待确认,
293,Q-INT-10-14,八、兴趣体系,10 医疗临床玩法,,10 医疗临床玩法 · 变化,单选,完全没变 / 更感兴趣 / 兴趣下降 / 说不清,男S/女S/男M/女M,Q-INT-10-GATE ≠ 不感兴趣,Q-INT-10-GATE,,是,公开,是,待确认,
294,Q-INT-10-15,八、兴趣体系,10 医疗临床玩法,,10 医疗临床玩法 · 反馈,长文本,体验后希望如何评价与复盘,男S/女S/男M/女M,Q-INT-10-GATE ≠ 不感兴趣,Q-INT-10-GATE,,是,公开,是,待确认,
295,Q-INT-11-GATE,八、兴趣体系,11 宠物扮演与动物化,,您对「11 宠物扮演与动物化」是否感兴趣？,单选（必答）,感兴趣 / 不感兴趣 / 想先了解,男S/女S/男M/女M,始终显示,,选「不感兴趣」→ 跳过本类全部 15 个维度题,是,公开,是,待确认,★ 兴趣门：为否则整块折叠，是 Fillout 条件逻辑的主要挂载点
296,Q-INT-11-01,八、兴趣体系,11 宠物扮演与动物化,,11 宠物扮演与动物化 · 认知程度,单选,完全不了解 / 听说过 / 了解 / 熟悉,男S/女S/男M/女M,Q-INT-11-GATE ≠ 不感兴趣,Q-INT-11-GATE,,是,公开,是,待确认,
297,Q-INT-11-02,八、兴趣体系,11 宠物扮演与动物化,,11 宠物扮演与动物化 · 兴趣程度,量表,1–5 分,男S/女S/男M/女M,Q-INT-11-GATE ≠ 不感兴趣,Q-INT-11-GATE,,是,公开,是,待确认,
298,Q-INT-11-03,八、兴趣体系,11 宠物扮演与动物化,,11 宠物扮演与动物化 · 经验程度,单选,未接触 / 尝试过一两次 / 有经验 / 经验丰富,男S/女S/男M/女M,Q-INT-11-GATE ≠ 不感兴趣,Q-INT-11-GATE,,是,公开,是,待确认,
299,Q-INT-11-04,八、兴趣体系,11 宠物扮演与动物化,,11 宠物扮演与动物化 · 尝试意愿,单选,不愿意 / 看情况 / 愿意 / 很想尝试,男S/女S/男M/女M,Q-INT-11-GATE ≠ 不感兴趣,Q-INT-11-GATE,,是,公开,是,待确认,
300,Q-INT-11-05,八、兴趣体系,11 宠物扮演与动物化,,11 宠物扮演与动物化 · 边界,长文本,明确不能接受的部分,男S/女S/男M/女M,Q-INT-11-GATE ≠ 不感兴趣,Q-INT-11-GATE,,是,公开,是,待确认,
301,Q-INT-11-06,八、兴趣体系,11 宠物扮演与动物化,,11 宠物扮演与动物化 · 条件,多选,需对方在场 / 需特定器材 / 需私密空间 / 需事先沟通 / 其他,男S/女S/男M/女M,Q-INT-11-GATE ≠ 不感兴趣,Q-INT-11-GATE,,是,公开,是,待确认,
302,Q-INT-11-07,八、兴趣体系,11 宠物扮演与动物化,,11 宠物扮演与动物化 · 对象,单选,仅固定伴侣 / 熟悉的人 / 陌生人 / 不限,男S/女S/男M/女M,Q-INT-11-GATE ≠ 不感兴趣,Q-INT-11-GATE,,是,公开,是,待确认,
303,Q-INT-11-08,八、兴趣体系,11 宠物扮演与动物化,,11 宠物扮演与动物化 · 场景,多选,居家 / 户外 / 公共隐秘处 / 线上 / 专业场地,男S/女S/男M/女M,Q-INT-11-GATE ≠ 不感兴趣,Q-INT-11-GATE,,是,公开,是,待确认,
304,Q-INT-11-09,八、兴趣体系,11 宠物扮演与动物化,,11 宠物扮演与动物化 · 关系,单选,仅短期体验 / 仅长期关系 / 都可以,男S/女S/男M/女M,Q-INT-11-GATE ≠ 不感兴趣,Q-INT-11-GATE,,是,公开,是,待确认,
305,Q-INT-11-10,八、兴趣体系,11 宠物扮演与动物化,,11 宠物扮演与动物化 · 沟通,长文本,接触前需要沟通的内容,男S/女S/男M/女M,Q-INT-11-GATE ≠ 不感兴趣,Q-INT-11-GATE,,是,公开,是,待确认,
306,Q-INT-11-11,八、兴趣体系,11 宠物扮演与动物化,,11 宠物扮演与动物化 · 安全,多选,安全词 / 中止条件 / 事后护理 / 医疗准备 / 其他,男S/女S/男M/女M,Q-INT-11-GATE ≠ 不感兴趣,Q-INT-11-GATE,,是,公开,是,待确认,
307,Q-INT-11-12,八、兴趣体系,11 宠物扮演与动物化,,11 宠物扮演与动物化 · 心理,长文本,可能带来的积极或消极情绪,男S/女S/男M/女M,Q-INT-11-GATE ≠ 不感兴趣,Q-INT-11-GATE,,是,公开,是,待确认,
308,Q-INT-11-13,八、兴趣体系,11 宠物扮演与动物化,,11 宠物扮演与动物化 · 强度,量表,1–5 级,男S/女S/男M/女M,Q-INT-11-GATE ≠ 不感兴趣,Q-INT-11-GATE,,是,公开,是,待确认,
309,Q-INT-11-14,八、兴趣体系,11 宠物扮演与动物化,,11 宠物扮演与动物化 · 变化,单选,完全没变 / 更感兴趣 / 兴趣下降 / 说不清,男S/女S/男M/女M,Q-INT-11-GATE ≠ 不感兴趣,Q-INT-11-GATE,,是,公开,是,待确认,
310,Q-INT-11-15,八、兴趣体系,11 宠物扮演与动物化,,11 宠物扮演与动物化 · 反馈,长文本,体验后希望如何评价与复盘,男S/女S/男M/女M,Q-INT-11-GATE ≠ 不感兴趣,Q-INT-11-GATE,,是,公开,是,待确认,
311,Q-INT-12-GATE,八、兴趣体系,12 贞操与性否认,,您对「12 贞操与性否认」是否感兴趣？,单选（必答）,感兴趣 / 不感兴趣 / 想先了解,男S/女S/男M/女M,始终显示,,选「不感兴趣」→ 跳过本类全部 15 个维度题,是,公开,是,待确认,★ 兴趣门：为否则整块折叠，是 Fillout 条件逻辑的主要挂载点
312,Q-INT-12-01,八、兴趣体系,12 贞操与性否认,,12 贞操与性否认 · 认知程度,单选,完全不了解 / 听说过 / 了解 / 熟悉,男S/女S/男M/女M,Q-INT-12-GATE ≠ 不感兴趣,Q-INT-12-GATE,,是,公开,是,待确认,
313,Q-INT-12-02,八、兴趣体系,12 贞操与性否认,,12 贞操与性否认 · 兴趣程度,量表,1–5 分,男S/女S/男M/女M,Q-INT-12-GATE ≠ 不感兴趣,Q-INT-12-GATE,,是,公开,是,待确认,
314,Q-INT-12-03,八、兴趣体系,12 贞操与性否认,,12 贞操与性否认 · 经验程度,单选,未接触 / 尝试过一两次 / 有经验 / 经验丰富,男S/女S/男M/女M,Q-INT-12-GATE ≠ 不感兴趣,Q-INT-12-GATE,,是,公开,是,待确认,
315,Q-INT-12-04,八、兴趣体系,12 贞操与性否认,,12 贞操与性否认 · 尝试意愿,单选,不愿意 / 看情况 / 愿意 / 很想尝试,男S/女S/男M/女M,Q-INT-12-GATE ≠ 不感兴趣,Q-INT-12-GATE,,是,公开,是,待确认,
316,Q-INT-12-05,八、兴趣体系,12 贞操与性否认,,12 贞操与性否认 · 边界,长文本,明确不能接受的部分,男S/女S/男M/女M,Q-INT-12-GATE ≠ 不感兴趣,Q-INT-12-GATE,,是,公开,是,待确认,
317,Q-INT-12-06,八、兴趣体系,12 贞操与性否认,,12 贞操与性否认 · 条件,多选,需对方在场 / 需特定器材 / 需私密空间 / 需事先沟通 / 其他,男S/女S/男M/女M,Q-INT-12-GATE ≠ 不感兴趣,Q-INT-12-GATE,,是,公开,是,待确认,
318,Q-INT-12-07,八、兴趣体系,12 贞操与性否认,,12 贞操与性否认 · 对象,单选,仅固定伴侣 / 熟悉的人 / 陌生人 / 不限,男S/女S/男M/女M,Q-INT-12-GATE ≠ 不感兴趣,Q-INT-12-GATE,,是,公开,是,待确认,
319,Q-INT-12-08,八、兴趣体系,12 贞操与性否认,,12 贞操与性否认 · 场景,多选,居家 / 户外 / 公共隐秘处 / 线上 / 专业场地,男S/女S/男M/女M,Q-INT-12-GATE ≠ 不感兴趣,Q-INT-12-GATE,,是,公开,是,待确认,
320,Q-INT-12-09,八、兴趣体系,12 贞操与性否认,,12 贞操与性否认 · 关系,单选,仅短期体验 / 仅长期关系 / 都可以,男S/女S/男M/女M,Q-INT-12-GATE ≠ 不感兴趣,Q-INT-12-GATE,,是,公开,是,待确认,
321,Q-INT-12-10,八、兴趣体系,12 贞操与性否认,,12 贞操与性否认 · 沟通,长文本,接触前需要沟通的内容,男S/女S/男M/女M,Q-INT-12-GATE ≠ 不感兴趣,Q-INT-12-GATE,,是,公开,是,待确认,
322,Q-INT-12-11,八、兴趣体系,12 贞操与性否认,,12 贞操与性否认 · 安全,多选,安全词 / 中止条件 / 事后护理 / 医疗准备 / 其他,男S/女S/男M/女M,Q-INT-12-GATE ≠ 不感兴趣,Q-INT-12-GATE,,是,公开,是,待确认,
323,Q-INT-12-12,八、兴趣体系,12 贞操与性否认,,12 贞操与性否认 · 心理,长文本,可能带来的积极或消极情绪,男S/女S/男M/女M,Q-INT-12-GATE ≠ 不感兴趣,Q-INT-12-GATE,,是,公开,是,待确认,
324,Q-INT-12-13,八、兴趣体系,12 贞操与性否认,,12 贞操与性否认 · 强度,量表,1–5 级,男S/女S/男M/女M,Q-INT-12-GATE ≠ 不感兴趣,Q-INT-12-GATE,,是,公开,是,待确认,
325,Q-INT-12-14,八、兴趣体系,12 贞操与性否认,,12 贞操与性否认 · 变化,单选,完全没变 / 更感兴趣 / 兴趣下降 / 说不清,男S/女S/男M/女M,Q-INT-12-GATE ≠ 不感兴趣,Q-INT-12-GATE,,是,公开,是,待确认,
326,Q-INT-12-15,八、兴趣体系,12 贞操与性否认,,12 贞操与性否认 · 反馈,长文本,体验后希望如何评价与复盘,男S/女S/男M/女M,Q-INT-12-GATE ≠ 不感兴趣,Q-INT-12-GATE,,是,公开,是,待确认,
327,Q-INT-13-GATE,八、兴趣体系,13 金融支配,,您对「13 金融支配」是否感兴趣？,单选（必答）,感兴趣 / 不感兴趣 / 想先了解,男S/女S/男M/女M,始终显示,,选「不感兴趣」→ 跳过本类全部 15 个维度题,是,公开,是,待确认,★ 兴趣门：为否则整块折叠，是 Fillout 条件逻辑的主要挂载点
328,Q-INT-13-01,八、兴趣体系,13 金融支配,,13 金融支配 · 认知程度,单选,完全不了解 / 听说过 / 了解 / 熟悉,男S/女S/男M/女M,Q-INT-13-GATE ≠ 不感兴趣,Q-INT-13-GATE,,是,公开,是,待确认,
329,Q-INT-13-02,八、兴趣体系,13 金融支配,,13 金融支配 · 兴趣程度,量表,1–5 分,男S/女S/男M/女M,Q-INT-13-GATE ≠ 不感兴趣,Q-INT-13-GATE,,是,公开,是,待确认,
330,Q-INT-13-03,八、兴趣体系,13 金融支配,,13 金融支配 · 经验程度,单选,未接触 / 尝试过一两次 / 有经验 / 经验丰富,男S/女S/男M/女M,Q-INT-13-GATE ≠ 不感兴趣,Q-INT-13-GATE,,是,公开,是,待确认,
331,Q-INT-13-04,八、兴趣体系,13 金融支配,,13 金融支配 · 尝试意愿,单选,不愿意 / 看情况 / 愿意 / 很想尝试,男S/女S/男M/女M,Q-INT-13-GATE ≠ 不感兴趣,Q-INT-13-GATE,,是,公开,是,待确认,
332,Q-INT-13-05,八、兴趣体系,13 金融支配,,13 金融支配 · 边界,长文本,明确不能接受的部分,男S/女S/男M/女M,Q-INT-13-GATE ≠ 不感兴趣,Q-INT-13-GATE,,是,公开,是,待确认,
333,Q-INT-13-06,八、兴趣体系,13 金融支配,,13 金融支配 · 条件,多选,需对方在场 / 需特定器材 / 需私密空间 / 需事先沟通 / 其他,男S/女S/男M/女M,Q-INT-13-GATE ≠ 不感兴趣,Q-INT-13-GATE,,是,公开,是,待确认,
334,Q-INT-13-07,八、兴趣体系,13 金融支配,,13 金融支配 · 对象,单选,仅固定伴侣 / 熟悉的人 / 陌生人 / 不限,男S/女S/男M/女M,Q-INT-13-GATE ≠ 不感兴趣,Q-INT-13-GATE,,是,公开,是,待确认,
335,Q-INT-13-08,八、兴趣体系,13 金融支配,,13 金融支配 · 场景,多选,居家 / 户外 / 公共隐秘处 / 线上 / 专业场地,男S/女S/男M/女M,Q-INT-13-GATE ≠ 不感兴趣,Q-INT-13-GATE,,是,公开,是,待确认,
336,Q-INT-13-09,八、兴趣体系,13 金融支配,,13 金融支配 · 关系,单选,仅短期体验 / 仅长期关系 / 都可以,男S/女S/男M/女M,Q-INT-13-GATE ≠ 不感兴趣,Q-INT-13-GATE,,是,公开,是,待确认,
337,Q-INT-13-10,八、兴趣体系,13 金融支配,,13 金融支配 · 沟通,长文本,接触前需要沟通的内容,男S/女S/男M/女M,Q-INT-13-GATE ≠ 不感兴趣,Q-INT-13-GATE,,是,公开,是,待确认,
338,Q-INT-13-11,八、兴趣体系,13 金融支配,,13 金融支配 · 安全,多选,安全词 / 中止条件 / 事后护理 / 医疗准备 / 其他,男S/女S/男M/女M,Q-INT-13-GATE ≠ 不感兴趣,Q-INT-13-GATE,,是,公开,是,待确认,
339,Q-INT-13-12,八、兴趣体系,13 金融支配,,13 金融支配 · 心理,长文本,可能带来的积极或消极情绪,男S/女S/男M/女M,Q-INT-13-GATE ≠ 不感兴趣,Q-INT-13-GATE,,是,公开,是,待确认,
340,Q-INT-13-13,八、兴趣体系,13 金融支配,,13 金融支配 · 强度,量表,1–5 级,男S/女S/男M/女M,Q-INT-13-GATE ≠ 不感兴趣,Q-INT-13-GATE,,是,公开,是,待确认,
341,Q-INT-13-14,八、兴趣体系,13 金融支配,,13 金融支配 · 变化,单选,完全没变 / 更感兴趣 / 兴趣下降 / 说不清,男S/女S/男M/女M,Q-INT-13-GATE ≠ 不感兴趣,Q-INT-13-GATE,,是,公开,是,待确认,
342,Q-INT-13-15,八、兴趣体系,13 金融支配,,13 金融支配 · 反馈,长文本,体验后希望如何评价与复盘,男S/女S/男M/女M,Q-INT-13-GATE ≠ 不感兴趣,Q-INT-13-GATE,,是,公开,是,待确认,
343,Q-INT-14-GATE,八、兴趣体系,14 催眠与心灵操控,,您对「14 催眠与心灵操控」是否感兴趣？,单选（必答）,感兴趣 / 不感兴趣 / 想先了解,男S/女S/男M/女M,始终显示,,选「不感兴趣」→ 跳过本类全部 15 个维度题,是,公开,是,待确认,★ 兴趣门：为否则整块折叠，是 Fillout 条件逻辑的主要挂载点
344,Q-INT-14-01,八、兴趣体系,14 催眠与心灵操控,,14 催眠与心灵操控 · 认知程度,单选,完全不了解 / 听说过 / 了解 / 熟悉,男S/女S/男M/女M,Q-INT-14-GATE ≠ 不感兴趣,Q-INT-14-GATE,,是,公开,是,待确认,
345,Q-INT-14-02,八、兴趣体系,14 催眠与心灵操控,,14 催眠与心灵操控 · 兴趣程度,量表,1–5 分,男S/女S/男M/女M,Q-INT-14-GATE ≠ 不感兴趣,Q-INT-14-GATE,,是,公开,是,待确认,
346,Q-INT-14-03,八、兴趣体系,14 催眠与心灵操控,,14 催眠与心灵操控 · 经验程度,单选,未接触 / 尝试过一两次 / 有经验 / 经验丰富,男S/女S/男M/女M,Q-INT-14-GATE ≠ 不感兴趣,Q-INT-14-GATE,,是,公开,是,待确认,
347,Q-INT-14-04,八、兴趣体系,14 催眠与心灵操控,,14 催眠与心灵操控 · 尝试意愿,单选,不愿意 / 看情况 / 愿意 / 很想尝试,男S/女S/男M/女M,Q-INT-14-GATE ≠ 不感兴趣,Q-INT-14-GATE,,是,公开,是,待确认,
348,Q-INT-14-05,八、兴趣体系,14 催眠与心灵操控,,14 催眠与心灵操控 · 边界,长文本,明确不能接受的部分,男S/女S/男M/女M,Q-INT-14-GATE ≠ 不感兴趣,Q-INT-14-GATE,,是,公开,是,待确认,
349,Q-INT-14-06,八、兴趣体系,14 催眠与心灵操控,,14 催眠与心灵操控 · 条件,多选,需对方在场 / 需特定器材 / 需私密空间 / 需事先沟通 / 其他,男S/女S/男M/女M,Q-INT-14-GATE ≠ 不感兴趣,Q-INT-14-GATE,,是,公开,是,待确认,
350,Q-INT-14-07,八、兴趣体系,14 催眠与心灵操控,,14 催眠与心灵操控 · 对象,单选,仅固定伴侣 / 熟悉的人 / 陌生人 / 不限,男S/女S/男M/女M,Q-INT-14-GATE ≠ 不感兴趣,Q-INT-14-GATE,,是,公开,是,待确认,
351,Q-INT-14-08,八、兴趣体系,14 催眠与心灵操控,,14 催眠与心灵操控 · 场景,多选,居家 / 户外 / 公共隐秘处 / 线上 / 专业场地,男S/女S/男M/女M,Q-INT-14-GATE ≠ 不感兴趣,Q-INT-14-GATE,,是,公开,是,待确认,
352,Q-INT-14-09,八、兴趣体系,14 催眠与心灵操控,,14 催眠与心灵操控 · 关系,单选,仅短期体验 / 仅长期关系 / 都可以,男S/女S/男M/女M,Q-INT-14-GATE ≠ 不感兴趣,Q-INT-14-GATE,,是,公开,是,待确认,
353,Q-INT-14-10,八、兴趣体系,14 催眠与心灵操控,,14 催眠与心灵操控 · 沟通,长文本,接触前需要沟通的内容,男S/女S/男M/女M,Q-INT-14-GATE ≠ 不感兴趣,Q-INT-14-GATE,,是,公开,是,待确认,
354,Q-INT-14-11,八、兴趣体系,14 催眠与心灵操控,,14 催眠与心灵操控 · 安全,多选,安全词 / 中止条件 / 事后护理 / 医疗准备 / 其他,男S/女S/男M/女M,Q-INT-14-GATE ≠ 不感兴趣,Q-INT-14-GATE,,是,公开,是,待确认,
355,Q-INT-14-12,八、兴趣体系,14 催眠与心灵操控,,14 催眠与心灵操控 · 心理,长文本,可能带来的积极或消极情绪,男S/女S/男M/女M,Q-INT-14-GATE ≠ 不感兴趣,Q-INT-14-GATE,,是,公开,是,待确认,
356,Q-INT-14-13,八、兴趣体系,14 催眠与心灵操控,,14 催眠与心灵操控 · 强度,量表,1–5 级,男S/女S/男M/女M,Q-INT-14-GATE ≠ 不感兴趣,Q-INT-14-GATE,,是,公开,是,待确认,
357,Q-INT-14-14,八、兴趣体系,14 催眠与心灵操控,,14 催眠与心灵操控 · 变化,单选,完全没变 / 更感兴趣 / 兴趣下降 / 说不清,男S/女S/男M/女M,Q-INT-14-GATE ≠ 不感兴趣,Q-INT-14-GATE,,是,公开,是,待确认,
358,Q-INT-14-15,八、兴趣体系,14 催眠与心灵操控,,14 催眠与心灵操控 · 反馈,长文本,体验后希望如何评价与复盘,男S/女S/男M/女M,Q-INT-14-GATE ≠ 不感兴趣,Q-INT-14-GATE,,是,公开,是,待确认,
359,Q-INT-15-GATE,八、兴趣体系,15 物体化人偶化,,您对「15 物体化人偶化」是否感兴趣？,单选（必答）,感兴趣 / 不感兴趣 / 想先了解,男S/女S/男M/女M,始终显示,,选「不感兴趣」→ 跳过本类全部 15 个维度题,是,公开,是,待确认,★ 兴趣门：为否则整块折叠，是 Fillout 条件逻辑的主要挂载点
360,Q-INT-15-01,八、兴趣体系,15 物体化人偶化,,15 物体化人偶化 · 认知程度,单选,完全不了解 / 听说过 / 了解 / 熟悉,男S/女S/男M/女M,Q-INT-15-GATE ≠ 不感兴趣,Q-INT-15-GATE,,是,公开,是,待确认,
361,Q-INT-15-02,八、兴趣体系,15 物体化人偶化,,15 物体化人偶化 · 兴趣程度,量表,1–5 分,男S/女S/男M/女M,Q-INT-15-GATE ≠ 不感兴趣,Q-INT-15-GATE,,是,公开,是,待确认,
362,Q-INT-15-03,八、兴趣体系,15 物体化人偶化,,15 物体化人偶化 · 经验程度,单选,未接触 / 尝试过一两次 / 有经验 / 经验丰富,男S/女S/男M/女M,Q-INT-15-GATE ≠ 不感兴趣,Q-INT-15-GATE,,是,公开,是,待确认,
363,Q-INT-15-04,八、兴趣体系,15 物体化人偶化,,15 物体化人偶化 · 尝试意愿,单选,不愿意 / 看情况 / 愿意 / 很想尝试,男S/女S/男M/女M,Q-INT-15-GATE ≠ 不感兴趣,Q-INT-15-GATE,,是,公开,是,待确认,
364,Q-INT-15-05,八、兴趣体系,15 物体化人偶化,,15 物体化人偶化 · 边界,长文本,明确不能接受的部分,男S/女S/男M/女M,Q-INT-15-GATE ≠ 不感兴趣,Q-INT-15-GATE,,是,公开,是,待确认,
365,Q-INT-15-06,八、兴趣体系,15 物体化人偶化,,15 物体化人偶化 · 条件,多选,需对方在场 / 需特定器材 / 需私密空间 / 需事先沟通 / 其他,男S/女S/男M/女M,Q-INT-15-GATE ≠ 不感兴趣,Q-INT-15-GATE,,是,公开,是,待确认,
366,Q-INT-15-07,八、兴趣体系,15 物体化人偶化,,15 物体化人偶化 · 对象,单选,仅固定伴侣 / 熟悉的人 / 陌生人 / 不限,男S/女S/男M/女M,Q-INT-15-GATE ≠ 不感兴趣,Q-INT-15-GATE,,是,公开,是,待确认,
367,Q-INT-15-08,八、兴趣体系,15 物体化人偶化,,15 物体化人偶化 · 场景,多选,居家 / 户外 / 公共隐秘处 / 线上 / 专业场地,男S/女S/男M/女M,Q-INT-15-GATE ≠ 不感兴趣,Q-INT-15-GATE,,是,公开,是,待确认,
368,Q-INT-15-09,八、兴趣体系,15 物体化人偶化,,15 物体化人偶化 · 关系,单选,仅短期体验 / 仅长期关系 / 都可以,男S/女S/男M/女M,Q-INT-15-GATE ≠ 不感兴趣,Q-INT-15-GATE,,是,公开,是,待确认,
369,Q-INT-15-10,八、兴趣体系,15 物体化人偶化,,15 物体化人偶化 · 沟通,长文本,接触前需要沟通的内容,男S/女S/男M/女M,Q-INT-15-GATE ≠ 不感兴趣,Q-INT-15-GATE,,是,公开,是,待确认,
370,Q-INT-15-11,八、兴趣体系,15 物体化人偶化,,15 物体化人偶化 · 安全,多选,安全词 / 中止条件 / 事后护理 / 医疗准备 / 其他,男S/女S/男M/女M,Q-INT-15-GATE ≠ 不感兴趣,Q-INT-15-GATE,,是,公开,是,待确认,
371,Q-INT-15-12,八、兴趣体系,15 物体化人偶化,,15 物体化人偶化 · 心理,长文本,可能带来的积极或消极情绪,男S/女S/男M/女M,Q-INT-15-GATE ≠ 不感兴趣,Q-INT-15-GATE,,是,公开,是,待确认,
372,Q-INT-15-13,八、兴趣体系,15 物体化人偶化,,15 物体化人偶化 · 强度,量表,1–5 级,男S/女S/男M/女M,Q-INT-15-GATE ≠ 不感兴趣,Q-INT-15-GATE,,是,公开,是,待确认,
373,Q-INT-15-14,八、兴趣体系,15 物体化人偶化,,15 物体化人偶化 · 变化,单选,完全没变 / 更感兴趣 / 兴趣下降 / 说不清,男S/女S/男M/女M,Q-INT-15-GATE ≠ 不感兴趣,Q-INT-15-GATE,,是,公开,是,待确认,
374,Q-INT-15-15,八、兴趣体系,15 物体化人偶化,,15 物体化人偶化 · 反馈,长文本,体验后希望如何评价与复盘,男S/女S/男M/女M,Q-INT-15-GATE ≠ 不感兴趣,Q-INT-15-GATE,,是,公开,是,待确认,
375,Q-INT-16-GATE,八、兴趣体系,16 自由使用随时可用,,您对「16 自由使用随时可用」是否感兴趣？,单选（必答）,感兴趣 / 不感兴趣 / 想先了解,男S/女S/男M/女M,始终显示,,选「不感兴趣」→ 跳过本类全部 15 个维度题,是,公开,是,待确认,★ 兴趣门：为否则整块折叠，是 Fillout 条件逻辑的主要挂载点
376,Q-INT-16-01,八、兴趣体系,16 自由使用随时可用,,16 自由使用随时可用 · 认知程度,单选,完全不了解 / 听说过 / 了解 / 熟悉,男S/女S/男M/女M,Q-INT-16-GATE ≠ 不感兴趣,Q-INT-16-GATE,,是,公开,是,待确认,
377,Q-INT-16-02,八、兴趣体系,16 自由使用随时可用,,16 自由使用随时可用 · 兴趣程度,量表,1–5 分,男S/女S/男M/女M,Q-INT-16-GATE ≠ 不感兴趣,Q-INT-16-GATE,,是,公开,是,待确认,
378,Q-INT-16-03,八、兴趣体系,16 自由使用随时可用,,16 自由使用随时可用 · 经验程度,单选,未接触 / 尝试过一两次 / 有经验 / 经验丰富,男S/女S/男M/女M,Q-INT-16-GATE ≠ 不感兴趣,Q-INT-16-GATE,,是,公开,是,待确认,
379,Q-INT-16-04,八、兴趣体系,16 自由使用随时可用,,16 自由使用随时可用 · 尝试意愿,单选,不愿意 / 看情况 / 愿意 / 很想尝试,男S/女S/男M/女M,Q-INT-16-GATE ≠ 不感兴趣,Q-INT-16-GATE,,是,公开,是,待确认,
380,Q-INT-16-05,八、兴趣体系,16 自由使用随时可用,,16 自由使用随时可用 · 边界,长文本,明确不能接受的部分,男S/女S/男M/女M,Q-INT-16-GATE ≠ 不感兴趣,Q-INT-16-GATE,,是,公开,是,待确认,
381,Q-INT-16-06,八、兴趣体系,16 自由使用随时可用,,16 自由使用随时可用 · 条件,多选,需对方在场 / 需特定器材 / 需私密空间 / 需事先沟通 / 其他,男S/女S/男M/女M,Q-INT-16-GATE ≠ 不感兴趣,Q-INT-16-GATE,,是,公开,是,待确认,
382,Q-INT-16-07,八、兴趣体系,16 自由使用随时可用,,16 自由使用随时可用 · 对象,单选,仅固定伴侣 / 熟悉的人 / 陌生人 / 不限,男S/女S/男M/女M,Q-INT-16-GATE ≠ 不感兴趣,Q-INT-16-GATE,,是,公开,是,待确认,
383,Q-INT-16-08,八、兴趣体系,16 自由使用随时可用,,16 自由使用随时可用 · 场景,多选,居家 / 户外 / 公共隐秘处 / 线上 / 专业场地,男S/女S/男M/女M,Q-INT-16-GATE ≠ 不感兴趣,Q-INT-16-GATE,,是,公开,是,待确认,
384,Q-INT-16-09,八、兴趣体系,16 自由使用随时可用,,16 自由使用随时可用 · 关系,单选,仅短期体验 / 仅长期关系 / 都可以,男S/女S/男M/女M,Q-INT-16-GATE ≠ 不感兴趣,Q-INT-16-GATE,,是,公开,是,待确认,
385,Q-INT-16-10,八、兴趣体系,16 自由使用随时可用,,16 自由使用随时可用 · 沟通,长文本,接触前需要沟通的内容,男S/女S/男M/女M,Q-INT-16-GATE ≠ 不感兴趣,Q-INT-16-GATE,,是,公开,是,待确认,
386,Q-INT-16-11,八、兴趣体系,16 自由使用随时可用,,16 自由使用随时可用 · 安全,多选,安全词 / 中止条件 / 事后护理 / 医疗准备 / 其他,男S/女S/男M/女M,Q-INT-16-GATE ≠ 不感兴趣,Q-INT-16-GATE,,是,公开,是,待确认,
387,Q-INT-16-12,八、兴趣体系,16 自由使用随时可用,,16 自由使用随时可用 · 心理,长文本,可能带来的积极或消极情绪,男S/女S/男M/女M,Q-INT-16-GATE ≠ 不感兴趣,Q-INT-16-GATE,,是,公开,是,待确认,
388,Q-INT-16-13,八、兴趣体系,16 自由使用随时可用,,16 自由使用随时可用 · 强度,量表,1–5 级,男S/女S/男M/女M,Q-INT-16-GATE ≠ 不感兴趣,Q-INT-16-GATE,,是,公开,是,待确认,
389,Q-INT-16-14,八、兴趣体系,16 自由使用随时可用,,16 自由使用随时可用 · 变化,单选,完全没变 / 更感兴趣 / 兴趣下降 / 说不清,男S/女S/男M/女M,Q-INT-16-GATE ≠ 不感兴趣,Q-INT-16-GATE,,是,公开,是,待确认,
390,Q-INT-16-15,八、兴趣体系,16 自由使用随时可用,,16 自由使用随时可用 · 反馈,长文本,体验后希望如何评价与复盘,男S/女S/男M/女M,Q-INT-16-GATE ≠ 不感兴趣,Q-INT-16-GATE,,是,公开,是,待确认,
391,Q-INT-17-GATE,八、兴趣体系,17 体型喂食相关,,您对「17 体型喂食相关」是否感兴趣？,单选（必答）,感兴趣 / 不感兴趣 / 想先了解,男S/女S/男M/女M,始终显示,,选「不感兴趣」→ 跳过本类全部 15 个维度题,是,公开,是,待确认,★ 兴趣门：为否则整块折叠，是 Fillout 条件逻辑的主要挂载点
392,Q-INT-17-01,八、兴趣体系,17 体型喂食相关,,17 体型喂食相关 · 认知程度,单选,完全不了解 / 听说过 / 了解 / 熟悉,男S/女S/男M/女M,Q-INT-17-GATE ≠ 不感兴趣,Q-INT-17-GATE,,是,公开,是,待确认,
393,Q-INT-17-02,八、兴趣体系,17 体型喂食相关,,17 体型喂食相关 · 兴趣程度,量表,1–5 分,男S/女S/男M/女M,Q-INT-17-GATE ≠ 不感兴趣,Q-INT-17-GATE,,是,公开,是,待确认,
394,Q-INT-17-03,八、兴趣体系,17 体型喂食相关,,17 体型喂食相关 · 经验程度,单选,未接触 / 尝试过一两次 / 有经验 / 经验丰富,男S/女S/男M/女M,Q-INT-17-GATE ≠ 不感兴趣,Q-INT-17-GATE,,是,公开,是,待确认,
395,Q-INT-17-04,八、兴趣体系,17 体型喂食相关,,17 体型喂食相关 · 尝试意愿,单选,不愿意 / 看情况 / 愿意 / 很想尝试,男S/女S/男M/女M,Q-INT-17-GATE ≠ 不感兴趣,Q-INT-17-GATE,,是,公开,是,待确认,
396,Q-INT-17-05,八、兴趣体系,17 体型喂食相关,,17 体型喂食相关 · 边界,长文本,明确不能接受的部分,男S/女S/男M/女M,Q-INT-17-GATE ≠ 不感兴趣,Q-INT-17-GATE,,是,公开,是,待确认,
397,Q-INT-17-06,八、兴趣体系,17 体型喂食相关,,17 体型喂食相关 · 条件,多选,需对方在场 / 需特定器材 / 需私密空间 / 需事先沟通 / 其他,男S/女S/男M/女M,Q-INT-17-GATE ≠ 不感兴趣,Q-INT-17-GATE,,是,公开,是,待确认,
398,Q-INT-17-07,八、兴趣体系,17 体型喂食相关,,17 体型喂食相关 · 对象,单选,仅固定伴侣 / 熟悉的人 / 陌生人 / 不限,男S/女S/男M/女M,Q-INT-17-GATE ≠ 不感兴趣,Q-INT-17-GATE,,是,公开,是,待确认,
399,Q-INT-17-08,八、兴趣体系,17 体型喂食相关,,17 体型喂食相关 · 场景,多选,居家 / 户外 / 公共隐秘处 / 线上 / 专业场地,男S/女S/男M/女M,Q-INT-17-GATE ≠ 不感兴趣,Q-INT-17-GATE,,是,公开,是,待确认,
400,Q-INT-17-09,八、兴趣体系,17 体型喂食相关,,17 体型喂食相关 · 关系,单选,仅短期体验 / 仅长期关系 / 都可以,男S/女S/男M/女M,Q-INT-17-GATE ≠ 不感兴趣,Q-INT-17-GATE,,是,公开,是,待确认,
401,Q-INT-17-10,八、兴趣体系,17 体型喂食相关,,17 体型喂食相关 · 沟通,长文本,接触前需要沟通的内容,男S/女S/男M/女M,Q-INT-17-GATE ≠ 不感兴趣,Q-INT-17-GATE,,是,公开,是,待确认,
402,Q-INT-17-11,八、兴趣体系,17 体型喂食相关,,17 体型喂食相关 · 安全,多选,安全词 / 中止条件 / 事后护理 / 医疗准备 / 其他,男S/女S/男M/女M,Q-INT-17-GATE ≠ 不感兴趣,Q-INT-17-GATE,,是,公开,是,待确认,
403,Q-INT-17-12,八、兴趣体系,17 体型喂食相关,,17 体型喂食相关 · 心理,长文本,可能带来的积极或消极情绪,男S/女S/男M/女M,Q-INT-17-GATE ≠ 不感兴趣,Q-INT-17-GATE,,是,公开,是,待确认,
404,Q-INT-17-13,八、兴趣体系,17 体型喂食相关,,17 体型喂食相关 · 强度,量表,1–5 级,男S/女S/男M/女M,Q-INT-17-GATE ≠ 不感兴趣,Q-INT-17-GATE,,是,公开,是,待确认,
405,Q-INT-17-14,八、兴趣体系,17 体型喂食相关,,17 体型喂食相关 · 变化,单选,完全没变 / 更感兴趣 / 兴趣下降 / 说不清,男S/女S/男M/女M,Q-INT-17-GATE ≠ 不感兴趣,Q-INT-17-GATE,,是,公开,是,待确认,
406,Q-INT-17-15,八、兴趣体系,17 体型喂食相关,,17 体型喂食相关 · 反馈,长文本,体验后希望如何评价与复盘,男S/女S/男M/女M,Q-INT-17-GATE ≠ 不感兴趣,Q-INT-17-GATE,,是,公开,是,待确认,
407,Q-INT-18-GATE,八、兴趣体系,18 其他边缘心理重玩法,,您对「18 其他边缘心理重玩法」是否感兴趣？,单选（必答）,感兴趣 / 不感兴趣 / 想先了解,男S/女S/男M/女M,始终显示,,选「不感兴趣」→ 跳过本类全部 15 个维度题,是,公开,是,待确认,★ 兴趣门：为否则整块折叠，是 Fillout 条件逻辑的主要挂载点
408,Q-INT-18-01,八、兴趣体系,18 其他边缘心理重玩法,,18 其他边缘心理重玩法 · 认知程度,单选,完全不了解 / 听说过 / 了解 / 熟悉,男S/女S/男M/女M,Q-INT-18-GATE ≠ 不感兴趣,Q-INT-18-GATE,,是,公开,是,待确认,
409,Q-INT-18-02,八、兴趣体系,18 其他边缘心理重玩法,,18 其他边缘心理重玩法 · 兴趣程度,量表,1–5 分,男S/女S/男M/女M,Q-INT-18-GATE ≠ 不感兴趣,Q-INT-18-GATE,,是,公开,是,待确认,
410,Q-INT-18-03,八、兴趣体系,18 其他边缘心理重玩法,,18 其他边缘心理重玩法 · 经验程度,单选,未接触 / 尝试过一两次 / 有经验 / 经验丰富,男S/女S/男M/女M,Q-INT-18-GATE ≠ 不感兴趣,Q-INT-18-GATE,,是,公开,是,待确认,
411,Q-INT-18-04,八、兴趣体系,18 其他边缘心理重玩法,,18 其他边缘心理重玩法 · 尝试意愿,单选,不愿意 / 看情况 / 愿意 / 很想尝试,男S/女S/男M/女M,Q-INT-18-GATE ≠ 不感兴趣,Q-INT-18-GATE,,是,公开,是,待确认,
412,Q-INT-18-05,八、兴趣体系,18 其他边缘心理重玩法,,18 其他边缘心理重玩法 · 边界,长文本,明确不能接受的部分,男S/女S/男M/女M,Q-INT-18-GATE ≠ 不感兴趣,Q-INT-18-GATE,,是,公开,是,待确认,
413,Q-INT-18-06,八、兴趣体系,18 其他边缘心理重玩法,,18 其他边缘心理重玩法 · 条件,多选,需对方在场 / 需特定器材 / 需私密空间 / 需事先沟通 / 其他,男S/女S/男M/女M,Q-INT-18-GATE ≠ 不感兴趣,Q-INT-18-GATE,,是,公开,是,待确认,
414,Q-INT-18-07,八、兴趣体系,18 其他边缘心理重玩法,,18 其他边缘心理重玩法 · 对象,单选,仅固定伴侣 / 熟悉的人 / 陌生人 / 不限,男S/女S/男M/女M,Q-INT-18-GATE ≠ 不感兴趣,Q-INT-18-GATE,,是,公开,是,待确认,
415,Q-INT-18-08,八、兴趣体系,18 其他边缘心理重玩法,,18 其他边缘心理重玩法 · 场景,多选,居家 / 户外 / 公共隐秘处 / 线上 / 专业场地,男S/女S/男M/女M,Q-INT-18-GATE ≠ 不感兴趣,Q-INT-18-GATE,,是,公开,是,待确认,
416,Q-INT-18-09,八、兴趣体系,18 其他边缘心理重玩法,,18 其他边缘心理重玩法 · 关系,单选,仅短期体验 / 仅长期关系 / 都可以,男S/女S/男M/女M,Q-INT-18-GATE ≠ 不感兴趣,Q-INT-18-GATE,,是,公开,是,待确认,
417,Q-INT-18-10,八、兴趣体系,18 其他边缘心理重玩法,,18 其他边缘心理重玩法 · 沟通,长文本,接触前需要沟通的内容,男S/女S/男M/女M,Q-INT-18-GATE ≠ 不感兴趣,Q-INT-18-GATE,,是,公开,是,待确认,
418,Q-INT-18-11,八、兴趣体系,18 其他边缘心理重玩法,,18 其他边缘心理重玩法 · 安全,多选,安全词 / 中止条件 / 事后护理 / 医疗准备 / 其他,男S/女S/男M/女M,Q-INT-18-GATE ≠ 不感兴趣,Q-INT-18-GATE,,是,公开,是,待确认,
419,Q-INT-18-12,八、兴趣体系,18 其他边缘心理重玩法,,18 其他边缘心理重玩法 · 心理,长文本,可能带来的积极或消极情绪,男S/女S/男M/女M,Q-INT-18-GATE ≠ 不感兴趣,Q-INT-18-GATE,,是,公开,是,待确认,
420,Q-INT-18-13,八、兴趣体系,18 其他边缘心理重玩法,,18 其他边缘心理重玩法 · 强度,量表,1–5 级,男S/女S/男M/女M,Q-INT-18-GATE ≠ 不感兴趣,Q-INT-18-GATE,,是,公开,是,待确认,
421,Q-INT-18-14,八、兴趣体系,18 其他边缘心理重玩法,,18 其他边缘心理重玩法 · 变化,单选,完全没变 / 更感兴趣 / 兴趣下降 / 说不清,男S/女S/男M/女M,Q-INT-18-GATE ≠ 不感兴趣,Q-INT-18-GATE,,是,公开,是,待确认,
422,Q-INT-18-15,八、兴趣体系,18 其他边缘心理重玩法,,18 其他边缘心理重玩法 · 反馈,长文本,体验后希望如何评价与复盘,男S/女S/男M/女M,Q-INT-18-GATE ≠ 不感兴趣,Q-INT-18-GATE,,是,公开,是,待确认,
423,Q-INT-19-GATE,八、兴趣体系,19 生殖器折磨,,您对「19 生殖器折磨」是否感兴趣？,单选（必答）,感兴趣 / 不感兴趣 / 想先了解,男S/女S/男M/女M,始终显示,,选「不感兴趣」→ 跳过本类全部 15 个维度题,是,公开,是,待确认,★ 兴趣门：为否则整块折叠，是 Fillout 条件逻辑的主要挂载点
424,Q-INT-19-01,八、兴趣体系,19 生殖器折磨,,19 生殖器折磨 · 认知程度,单选,完全不了解 / 听说过 / 了解 / 熟悉,男S/女S/男M/女M,Q-INT-19-GATE ≠ 不感兴趣 且 按性别显示对应题干,Q-INT-19-GATE,,是,公开,是,待确认,★ 性别分流：男性显示睾丸/阳具相关，女性显示乳/阴相关
425,Q-INT-19-02,八、兴趣体系,19 生殖器折磨,,19 生殖器折磨 · 兴趣程度,量表,1–5 分,男S/女S/男M/女M,Q-INT-19-GATE ≠ 不感兴趣 且 按性别显示对应题干,Q-INT-19-GATE,,是,公开,是,待确认,★ 性别分流：男性显示睾丸/阳具相关，女性显示乳/阴相关
426,Q-INT-19-03,八、兴趣体系,19 生殖器折磨,,19 生殖器折磨 · 经验程度,单选,未接触 / 尝试过一两次 / 有经验 / 经验丰富,男S/女S/男M/女M,Q-INT-19-GATE ≠ 不感兴趣 且 按性别显示对应题干,Q-INT-19-GATE,,是,公开,是,待确认,★ 性别分流：男性显示睾丸/阳具相关，女性显示乳/阴相关
427,Q-INT-19-04,八、兴趣体系,19 生殖器折磨,,19 生殖器折磨 · 尝试意愿,单选,不愿意 / 看情况 / 愿意 / 很想尝试,男S/女S/男M/女M,Q-INT-19-GATE ≠ 不感兴趣 且 按性别显示对应题干,Q-INT-19-GATE,,是,公开,是,待确认,★ 性别分流：男性显示睾丸/阳具相关，女性显示乳/阴相关
428,Q-INT-19-05,八、兴趣体系,19 生殖器折磨,,19 生殖器折磨 · 边界,长文本,明确不能接受的部分,男S/女S/男M/女M,Q-INT-19-GATE ≠ 不感兴趣 且 按性别显示对应题干,Q-INT-19-GATE,,是,公开,是,待确认,★ 性别分流：男性显示睾丸/阳具相关，女性显示乳/阴相关
429,Q-INT-19-06,八、兴趣体系,19 生殖器折磨,,19 生殖器折磨 · 条件,多选,需对方在场 / 需特定器材 / 需私密空间 / 需事先沟通 / 其他,男S/女S/男M/女M,Q-INT-19-GATE ≠ 不感兴趣 且 按性别显示对应题干,Q-INT-19-GATE,,是,公开,是,待确认,★ 性别分流：男性显示睾丸/阳具相关，女性显示乳/阴相关
430,Q-INT-19-07,八、兴趣体系,19 生殖器折磨,,19 生殖器折磨 · 对象,单选,仅固定伴侣 / 熟悉的人 / 陌生人 / 不限,男S/女S/男M/女M,Q-INT-19-GATE ≠ 不感兴趣 且 按性别显示对应题干,Q-INT-19-GATE,,是,公开,是,待确认,★ 性别分流：男性显示睾丸/阳具相关，女性显示乳/阴相关
431,Q-INT-19-08,八、兴趣体系,19 生殖器折磨,,19 生殖器折磨 · 场景,多选,居家 / 户外 / 公共隐秘处 / 线上 / 专业场地,男S/女S/男M/女M,Q-INT-19-GATE ≠ 不感兴趣 且 按性别显示对应题干,Q-INT-19-GATE,,是,公开,是,待确认,★ 性别分流：男性显示睾丸/阳具相关，女性显示乳/阴相关
432,Q-INT-19-09,八、兴趣体系,19 生殖器折磨,,19 生殖器折磨 · 关系,单选,仅短期体验 / 仅长期关系 / 都可以,男S/女S/男M/女M,Q-INT-19-GATE ≠ 不感兴趣 且 按性别显示对应题干,Q-INT-19-GATE,,是,公开,是,待确认,★ 性别分流：男性显示睾丸/阳具相关，女性显示乳/阴相关
433,Q-INT-19-10,八、兴趣体系,19 生殖器折磨,,19 生殖器折磨 · 沟通,长文本,接触前需要沟通的内容,男S/女S/男M/女M,Q-INT-19-GATE ≠ 不感兴趣 且 按性别显示对应题干,Q-INT-19-GATE,,是,公开,是,待确认,★ 性别分流：男性显示睾丸/阳具相关，女性显示乳/阴相关
434,Q-INT-19-11,八、兴趣体系,19 生殖器折磨,,19 生殖器折磨 · 安全,多选,安全词 / 中止条件 / 事后护理 / 医疗准备 / 其他,男S/女S/男M/女M,Q-INT-19-GATE ≠ 不感兴趣 且 按性别显示对应题干,Q-INT-19-GATE,,是,公开,是,待确认,★ 性别分流：男性显示睾丸/阳具相关，女性显示乳/阴相关
435,Q-INT-19-12,八、兴趣体系,19 生殖器折磨,,19 生殖器折磨 · 心理,长文本,可能带来的积极或消极情绪,男S/女S/男M/女M,Q-INT-19-GATE ≠ 不感兴趣 且 按性别显示对应题干,Q-INT-19-GATE,,是,公开,是,待确认,★ 性别分流：男性显示睾丸/阳具相关，女性显示乳/阴相关
436,Q-INT-19-13,八、兴趣体系,19 生殖器折磨,,19 生殖器折磨 · 强度,量表,1–5 级,男S/女S/男M/女M,Q-INT-19-GATE ≠ 不感兴趣 且 按性别显示对应题干,Q-INT-19-GATE,,是,公开,是,待确认,★ 性别分流：男性显示睾丸/阳具相关，女性显示乳/阴相关
437,Q-INT-19-14,八、兴趣体系,19 生殖器折磨,,19 生殖器折磨 · 变化,单选,完全没变 / 更感兴趣 / 兴趣下降 / 说不清,男S/女S/男M/女M,Q-INT-19-GATE ≠ 不感兴趣 且 按性别显示对应题干,Q-INT-19-GATE,,是,公开,是,待确认,★ 性别分流：男性显示睾丸/阳具相关，女性显示乳/阴相关
438,Q-INT-19-15,八、兴趣体系,19 生殖器折磨,,19 生殖器折磨 · 反馈,长文本,体验后希望如何评价与复盘,男S/女S/男M/女M,Q-INT-19-GATE ≠ 不感兴趣 且 按性别显示对应题干,Q-INT-19-GATE,,是,公开,是,待确认,★ 性别分流：男性显示睾丸/阳具相关，女性显示乳/阴相关
439,Q-INT-20-GATE,八、兴趣体系,20 年龄扮演动态,,您对「20 年龄扮演动态」是否感兴趣？,单选（必答）,感兴趣 / 不感兴趣 / 想先了解,男S/女S/男M/女M,始终显示,,选「不感兴趣」→ 跳过本类全部 15 个维度题,是,公开,是,待确认,★ 兴趣门：为否则整块折叠，是 Fillout 条件逻辑的主要挂载点
440,Q-INT-20-01,八、兴趣体系,20 年龄扮演动态,,20 年龄扮演动态 · 认知程度,单选,完全不了解 / 听说过 / 了解 / 熟悉,男S/女S/男M/女M,Q-INT-20-GATE ≠ 不感兴趣,Q-INT-20-GATE,,是,公开,是,待确认,
441,Q-INT-20-02,八、兴趣体系,20 年龄扮演动态,,20 年龄扮演动态 · 兴趣程度,量表,1–5 分,男S/女S/男M/女M,Q-INT-20-GATE ≠ 不感兴趣,Q-INT-20-GATE,,是,公开,是,待确认,
442,Q-INT-20-03,八、兴趣体系,20 年龄扮演动态,,20 年龄扮演动态 · 经验程度,单选,未接触 / 尝试过一两次 / 有经验 / 经验丰富,男S/女S/男M/女M,Q-INT-20-GATE ≠ 不感兴趣,Q-INT-20-GATE,,是,公开,是,待确认,
443,Q-INT-20-04,八、兴趣体系,20 年龄扮演动态,,20 年龄扮演动态 · 尝试意愿,单选,不愿意 / 看情况 / 愿意 / 很想尝试,男S/女S/男M/女M,Q-INT-20-GATE ≠ 不感兴趣,Q-INT-20-GATE,,是,公开,是,待确认,
444,Q-INT-20-05,八、兴趣体系,20 年龄扮演动态,,20 年龄扮演动态 · 边界,长文本,明确不能接受的部分,男S/女S/男M/女M,Q-INT-20-GATE ≠ 不感兴趣,Q-INT-20-GATE,,是,公开,是,待确认,
445,Q-INT-20-06,八、兴趣体系,20 年龄扮演动态,,20 年龄扮演动态 · 条件,多选,需对方在场 / 需特定器材 / 需私密空间 / 需事先沟通 / 其他,男S/女S/男M/女M,Q-INT-20-GATE ≠ 不感兴趣,Q-INT-20-GATE,,是,公开,是,待确认,
446,Q-INT-20-07,八、兴趣体系,20 年龄扮演动态,,20 年龄扮演动态 · 对象,单选,仅固定伴侣 / 熟悉的人 / 陌生人 / 不限,男S/女S/男M/女M,Q-INT-20-GATE ≠ 不感兴趣,Q-INT-20-GATE,,是,公开,是,待确认,
447,Q-INT-20-08,八、兴趣体系,20 年龄扮演动态,,20 年龄扮演动态 · 场景,多选,居家 / 户外 / 公共隐秘处 / 线上 / 专业场地,男S/女S/男M/女M,Q-INT-20-GATE ≠ 不感兴趣,Q-INT-20-GATE,,是,公开,是,待确认,
448,Q-INT-20-09,八、兴趣体系,20 年龄扮演动态,,20 年龄扮演动态 · 关系,单选,仅短期体验 / 仅长期关系 / 都可以,男S/女S/男M/女M,Q-INT-20-GATE ≠ 不感兴趣,Q-INT-20-GATE,,是,公开,是,待确认,
449,Q-INT-20-10,八、兴趣体系,20 年龄扮演动态,,20 年龄扮演动态 · 沟通,长文本,接触前需要沟通的内容,男S/女S/男M/女M,Q-INT-20-GATE ≠ 不感兴趣,Q-INT-20-GATE,,是,公开,是,待确认,
450,Q-INT-20-11,八、兴趣体系,20 年龄扮演动态,,20 年龄扮演动态 · 安全,多选,安全词 / 中止条件 / 事后护理 / 医疗准备 / 其他,男S/女S/男M/女M,Q-INT-20-GATE ≠ 不感兴趣,Q-INT-20-GATE,,是,公开,是,待确认,
451,Q-INT-20-12,八、兴趣体系,20 年龄扮演动态,,20 年龄扮演动态 · 心理,长文本,可能带来的积极或消极情绪,男S/女S/男M/女M,Q-INT-20-GATE ≠ 不感兴趣,Q-INT-20-GATE,,是,公开,是,待确认,
452,Q-INT-20-13,八、兴趣体系,20 年龄扮演动态,,20 年龄扮演动态 · 强度,量表,1–5 级,男S/女S/男M/女M,Q-INT-20-GATE ≠ 不感兴趣,Q-INT-20-GATE,,是,公开,是,待确认,
453,Q-INT-20-14,八、兴趣体系,20 年龄扮演动态,,20 年龄扮演动态 · 变化,单选,完全没变 / 更感兴趣 / 兴趣下降 / 说不清,男S/女S/男M/女M,Q-INT-20-GATE ≠ 不感兴趣,Q-INT-20-GATE,,是,公开,是,待确认,
454,Q-INT-20-15,八、兴趣体系,20 年龄扮演动态,,20 年龄扮演动态 · 反馈,长文本,体验后希望如何评价与复盘,男S/女S/男M/女M,Q-INT-20-GATE ≠ 不感兴趣,Q-INT-20-GATE,,是,公开,是,待确认,
455,Q-INT-21-GATE,八、兴趣体系,21 检查与合约,,您对「21 检查与合约」是否感兴趣？,单选（必答）,感兴趣 / 不感兴趣 / 想先了解,男S/女S/男M/女M,始终显示,,选「不感兴趣」→ 跳过本类全部 15 个维度题,是,公开,是,待确认,★ 兴趣门：为否则整块折叠，是 Fillout 条件逻辑的主要挂载点
456,Q-INT-21-01,八、兴趣体系,21 检查与合约,,21 检查与合约 · 认知程度,单选,完全不了解 / 听说过 / 了解 / 熟悉,男S/女S/男M/女M,Q-INT-21-GATE ≠ 不感兴趣,Q-INT-21-GATE,,是,公开,是,待确认,
457,Q-INT-21-02,八、兴趣体系,21 检查与合约,,21 检查与合约 · 兴趣程度,量表,1–5 分,男S/女S/男M/女M,Q-INT-21-GATE ≠ 不感兴趣,Q-INT-21-GATE,,是,公开,是,待确认,
458,Q-INT-21-03,八、兴趣体系,21 检查与合约,,21 检查与合约 · 经验程度,单选,未接触 / 尝试过一两次 / 有经验 / 经验丰富,男S/女S/男M/女M,Q-INT-21-GATE ≠ 不感兴趣,Q-INT-21-GATE,,是,公开,是,待确认,
459,Q-INT-21-04,八、兴趣体系,21 检查与合约,,21 检查与合约 · 尝试意愿,单选,不愿意 / 看情况 / 愿意 / 很想尝试,男S/女S/男M/女M,Q-INT-21-GATE ≠ 不感兴趣,Q-INT-21-GATE,,是,公开,是,待确认,
460,Q-INT-21-05,八、兴趣体系,21 检查与合约,,21 检查与合约 · 边界,长文本,明确不能接受的部分,男S/女S/男M/女M,Q-INT-21-GATE ≠ 不感兴趣,Q-INT-21-GATE,,是,公开,是,待确认,
461,Q-INT-21-06,八、兴趣体系,21 检查与合约,,21 检查与合约 · 条件,多选,需对方在场 / 需特定器材 / 需私密空间 / 需事先沟通 / 其他,男S/女S/男M/女M,Q-INT-21-GATE ≠ 不感兴趣,Q-INT-21-GATE,,是,公开,是,待确认,
462,Q-INT-21-07,八、兴趣体系,21 检查与合约,,21 检查与合约 · 对象,单选,仅固定伴侣 / 熟悉的人 / 陌生人 / 不限,男S/女S/男M/女M,Q-INT-21-GATE ≠ 不感兴趣,Q-INT-21-GATE,,是,公开,是,待确认,
463,Q-INT-21-08,八、兴趣体系,21 检查与合约,,21 检查与合约 · 场景,多选,居家 / 户外 / 公共隐秘处 / 线上 / 专业场地,男S/女S/男M/女M,Q-INT-21-GATE ≠ 不感兴趣,Q-INT-21-GATE,,是,公开,是,待确认,
464,Q-INT-21-09,八、兴趣体系,21 检查与合约,,21 检查与合约 · 关系,单选,仅短期体验 / 仅长期关系 / 都可以,男S/女S/男M/女M,Q-INT-21-GATE ≠ 不感兴趣,Q-INT-21-GATE,,是,公开,是,待确认,
465,Q-INT-21-10,八、兴趣体系,21 检查与合约,,21 检查与合约 · 沟通,长文本,接触前需要沟通的内容,男S/女S/男M/女M,Q-INT-21-GATE ≠ 不感兴趣,Q-INT-21-GATE,,是,公开,是,待确认,
466,Q-INT-21-11,八、兴趣体系,21 检查与合约,,21 检查与合约 · 安全,多选,安全词 / 中止条件 / 事后护理 / 医疗准备 / 其他,男S/女S/男M/女M,Q-INT-21-GATE ≠ 不感兴趣,Q-INT-21-GATE,,是,公开,是,待确认,
467,Q-INT-21-12,八、兴趣体系,21 检查与合约,,21 检查与合约 · 心理,长文本,可能带来的积极或消极情绪,男S/女S/男M/女M,Q-INT-21-GATE ≠ 不感兴趣,Q-INT-21-GATE,,是,公开,是,待确认,
468,Q-INT-21-13,八、兴趣体系,21 检查与合约,,21 检查与合约 · 强度,量表,1–5 级,男S/女S/男M/女M,Q-INT-21-GATE ≠ 不感兴趣,Q-INT-21-GATE,,是,公开,是,待确认,
469,Q-INT-21-14,八、兴趣体系,21 检查与合约,,21 检查与合约 · 变化,单选,完全没变 / 更感兴趣 / 兴趣下降 / 说不清,男S/女S/男M/女M,Q-INT-21-GATE ≠ 不感兴趣,Q-INT-21-GATE,,是,公开,是,待确认,
470,Q-INT-21-15,八、兴趣体系,21 检查与合约,,21 检查与合约 · 反馈,长文本,体验后希望如何评价与复盘,男S/女S/男M/女M,Q-INT-21-GATE ≠ 不感兴趣,Q-INT-21-GATE,,是,公开,是,待确认,
471,Q-INT-22-GATE,八、兴趣体系,22 共识非共识与配偶分享,,您对「22 共识非共识与配偶分享」是否感兴趣？,单选（必答）,感兴趣 / 不感兴趣 / 想先了解,男S/女S/男M/女M,始终显示,,选「不感兴趣」→ 跳过本类全部 15 个维度题,是,公开,是,待确认,★ 兴趣门：为否则整块折叠，是 Fillout 条件逻辑的主要挂载点
472,Q-INT-22-01,八、兴趣体系,22 共识非共识与配偶分享,,22 共识非共识与配偶分享 · 认知程度,单选,完全不了解 / 听说过 / 了解 / 熟悉,男S/女S/男M/女M,Q-INT-22-GATE ≠ 不感兴趣,Q-INT-22-GATE,,是,公开,是,待确认,
473,Q-INT-22-02,八、兴趣体系,22 共识非共识与配偶分享,,22 共识非共识与配偶分享 · 兴趣程度,量表,1–5 分,男S/女S/男M/女M,Q-INT-22-GATE ≠ 不感兴趣,Q-INT-22-GATE,,是,公开,是,待确认,
474,Q-INT-22-03,八、兴趣体系,22 共识非共识与配偶分享,,22 共识非共识与配偶分享 · 经验程度,单选,未接触 / 尝试过一两次 / 有经验 / 经验丰富,男S/女S/男M/女M,Q-INT-22-GATE ≠ 不感兴趣,Q-INT-22-GATE,,是,公开,是,待确认,
475,Q-INT-22-04,八、兴趣体系,22 共识非共识与配偶分享,,22 共识非共识与配偶分享 · 尝试意愿,单选,不愿意 / 看情况 / 愿意 / 很想尝试,男S/女S/男M/女M,Q-INT-22-GATE ≠ 不感兴趣,Q-INT-22-GATE,,是,公开,是,待确认,
476,Q-INT-22-05,八、兴趣体系,22 共识非共识与配偶分享,,22 共识非共识与配偶分享 · 边界,长文本,明确不能接受的部分,男S/女S/男M/女M,Q-INT-22-GATE ≠ 不感兴趣,Q-INT-22-GATE,,是,公开,是,待确认,
477,Q-INT-22-06,八、兴趣体系,22 共识非共识与配偶分享,,22 共识非共识与配偶分享 · 条件,多选,需对方在场 / 需特定器材 / 需私密空间 / 需事先沟通 / 其他,男S/女S/男M/女M,Q-INT-22-GATE ≠ 不感兴趣,Q-INT-22-GATE,,是,公开,是,待确认,
478,Q-INT-22-07,八、兴趣体系,22 共识非共识与配偶分享,,22 共识非共识与配偶分享 · 对象,单选,仅固定伴侣 / 熟悉的人 / 陌生人 / 不限,男S/女S/男M/女M,Q-INT-22-GATE ≠ 不感兴趣,Q-INT-22-GATE,,是,公开,是,待确认,
479,Q-INT-22-08,八、兴趣体系,22 共识非共识与配偶分享,,22 共识非共识与配偶分享 · 场景,多选,居家 / 户外 / 公共隐秘处 / 线上 / 专业场地,男S/女S/男M/女M,Q-INT-22-GATE ≠ 不感兴趣,Q-INT-22-GATE,,是,公开,是,待确认,
480,Q-INT-22-09,八、兴趣体系,22 共识非共识与配偶分享,,22 共识非共识与配偶分享 · 关系,单选,仅短期体验 / 仅长期关系 / 都可以,男S/女S/男M/女M,Q-INT-22-GATE ≠ 不感兴趣,Q-INT-22-GATE,,是,公开,是,待确认,
481,Q-INT-22-10,八、兴趣体系,22 共识非共识与配偶分享,,22 共识非共识与配偶分享 · 沟通,长文本,接触前需要沟通的内容,男S/女S/男M/女M,Q-INT-22-GATE ≠ 不感兴趣,Q-INT-22-GATE,,是,公开,是,待确认,
482,Q-INT-22-11,八、兴趣体系,22 共识非共识与配偶分享,,22 共识非共识与配偶分享 · 安全,多选,安全词 / 中止条件 / 事后护理 / 医疗准备 / 其他,男S/女S/男M/女M,Q-INT-22-GATE ≠ 不感兴趣,Q-INT-22-GATE,,是,公开,是,待确认,
483,Q-INT-22-12,八、兴趣体系,22 共识非共识与配偶分享,,22 共识非共识与配偶分享 · 心理,长文本,可能带来的积极或消极情绪,男S/女S/男M/女M,Q-INT-22-GATE ≠ 不感兴趣,Q-INT-22-GATE,,是,公开,是,待确认,
484,Q-INT-22-13,八、兴趣体系,22 共识非共识与配偶分享,,22 共识非共识与配偶分享 · 强度,量表,1–5 级,男S/女S/男M/女M,Q-INT-22-GATE ≠ 不感兴趣,Q-INT-22-GATE,,是,公开,是,待确认,
485,Q-INT-22-14,八、兴趣体系,22 共识非共识与配偶分享,,22 共识非共识与配偶分享 · 变化,单选,完全没变 / 更感兴趣 / 兴趣下降 / 说不清,男S/女S/男M/女M,Q-INT-22-GATE ≠ 不感兴趣,Q-INT-22-GATE,,是,公开,是,待确认,
486,Q-INT-22-15,八、兴趣体系,22 共识非共识与配偶分享,,22 共识非共识与配偶分享 · 反馈,长文本,体验后希望如何评价与复盘,男S/女S/男M/女M,Q-INT-22-GATE ≠ 不感兴趣,Q-INT-22-GATE,,是,公开,是,待确认,
487,Q-INT-23-GATE,八、兴趣体系,23 专业服务与社区事件,,您对「23 专业服务与社区事件」是否感兴趣？,单选（必答）,感兴趣 / 不感兴趣 / 想先了解,男S/女S/男M/女M,始终显示,,选「不感兴趣」→ 跳过本类全部 15 个维度题,是,公开,是,待确认,★ 兴趣门：为否则整块折叠，是 Fillout 条件逻辑的主要挂载点
488,Q-INT-23-01,八、兴趣体系,23 专业服务与社区事件,,23 专业服务与社区事件 · 认知程度,单选,完全不了解 / 听说过 / 了解 / 熟悉,男S/女S/男M/女M,Q-INT-23-GATE ≠ 不感兴趣,Q-INT-23-GATE,,是,公开,是,待确认,
489,Q-INT-23-02,八、兴趣体系,23 专业服务与社区事件,,23 专业服务与社区事件 · 兴趣程度,量表,1–5 分,男S/女S/男M/女M,Q-INT-23-GATE ≠ 不感兴趣,Q-INT-23-GATE,,是,公开,是,待确认,
490,Q-INT-23-03,八、兴趣体系,23 专业服务与社区事件,,23 专业服务与社区事件 · 经验程度,单选,未接触 / 尝试过一两次 / 有经验 / 经验丰富,男S/女S/男M/女M,Q-INT-23-GATE ≠ 不感兴趣,Q-INT-23-GATE,,是,公开,是,待确认,
491,Q-INT-23-04,八、兴趣体系,23 专业服务与社区事件,,23 专业服务与社区事件 · 尝试意愿,单选,不愿意 / 看情况 / 愿意 / 很想尝试,男S/女S/男M/女M,Q-INT-23-GATE ≠ 不感兴趣,Q-INT-23-GATE,,是,公开,是,待确认,
492,Q-INT-23-05,八、兴趣体系,23 专业服务与社区事件,,23 专业服务与社区事件 · 边界,长文本,明确不能接受的部分,男S/女S/男M/女M,Q-INT-23-GATE ≠ 不感兴趣,Q-INT-23-GATE,,是,公开,是,待确认,
493,Q-INT-23-06,八、兴趣体系,23 专业服务与社区事件,,23 专业服务与社区事件 · 条件,多选,需对方在场 / 需特定器材 / 需私密空间 / 需事先沟通 / 其他,男S/女S/男M/女M,Q-INT-23-GATE ≠ 不感兴趣,Q-INT-23-GATE,,是,公开,是,待确认,
494,Q-INT-23-07,八、兴趣体系,23 专业服务与社区事件,,23 专业服务与社区事件 · 对象,单选,仅固定伴侣 / 熟悉的人 / 陌生人 / 不限,男S/女S/男M/女M,Q-INT-23-GATE ≠ 不感兴趣,Q-INT-23-GATE,,是,公开,是,待确认,
495,Q-INT-23-08,八、兴趣体系,23 专业服务与社区事件,,23 专业服务与社区事件 · 场景,多选,居家 / 户外 / 公共隐秘处 / 线上 / 专业场地,男S/女S/男M/女M,Q-INT-23-GATE ≠ 不感兴趣,Q-INT-23-GATE,,是,公开,是,待确认,
496,Q-INT-23-09,八、兴趣体系,23 专业服务与社区事件,,23 专业服务与社区事件 · 关系,单选,仅短期体验 / 仅长期关系 / 都可以,男S/女S/男M/女M,Q-INT-23-GATE ≠ 不感兴趣,Q-INT-23-GATE,,是,公开,是,待确认,
497,Q-INT-23-10,八、兴趣体系,23 专业服务与社区事件,,23 专业服务与社区事件 · 沟通,长文本,接触前需要沟通的内容,男S/女S/男M/女M,Q-INT-23-GATE ≠ 不感兴趣,Q-INT-23-GATE,,是,公开,是,待确认,
498,Q-INT-23-11,八、兴趣体系,23 专业服务与社区事件,,23 专业服务与社区事件 · 安全,多选,安全词 / 中止条件 / 事后护理 / 医疗准备 / 其他,男S/女S/男M/女M,Q-INT-23-GATE ≠ 不感兴趣,Q-INT-23-GATE,,是,公开,是,待确认,
499,Q-INT-23-12,八、兴趣体系,23 专业服务与社区事件,,23 专业服务与社区事件 · 心理,长文本,可能带来的积极或消极情绪,男S/女S/男M/女M,Q-INT-23-GATE ≠ 不感兴趣,Q-INT-23-GATE,,是,公开,是,待确认,
500,Q-INT-23-13,八、兴趣体系,23 专业服务与社区事件,,23 专业服务与社区事件 · 强度,量表,1–5 级,男S/女S/男M/女M,Q-INT-23-GATE ≠ 不感兴趣,Q-INT-23-GATE,,是,公开,是,待确认,
501,Q-INT-23-14,八、兴趣体系,23 专业服务与社区事件,,23 专业服务与社区事件 · 变化,单选,完全没变 / 更感兴趣 / 兴趣下降 / 说不清,男S/女S/男M/女M,Q-INT-23-GATE ≠ 不感兴趣,Q-INT-23-GATE,,是,公开,是,待确认,
502,Q-INT-23-15,八、兴趣体系,23 专业服务与社区事件,,23 专业服务与社区事件 · 反馈,长文本,体验后希望如何评价与复盘,男S/女S/男M/女M,Q-INT-23-GATE ≠ 不感兴趣,Q-INT-23-GATE,,是,公开,是,待确认,
503,Q-INT-24-GATE,八、兴趣体系,24 安全实践与心理状态,,您对「24 安全实践与心理状态」是否感兴趣？,单选（必答）,感兴趣 / 不感兴趣 / 想先了解,男S/女S/男M/女M,始终显示,,选「不感兴趣」→ 跳过本类全部 15 个维度题,是,公开,是,待确认,★ 兴趣门：为否则整块折叠，是 Fillout 条件逻辑的主要挂载点
504,Q-INT-24-01,八、兴趣体系,24 安全实践与心理状态,,24 安全实践与心理状态 · 认知程度,单选,完全不了解 / 听说过 / 了解 / 熟悉,男S/女S/男M/女M,Q-INT-24-GATE ≠ 不感兴趣,Q-INT-24-GATE,,是,公开,是,待确认,
505,Q-INT-24-02,八、兴趣体系,24 安全实践与心理状态,,24 安全实践与心理状态 · 兴趣程度,量表,1–5 分,男S/女S/男M/女M,Q-INT-24-GATE ≠ 不感兴趣,Q-INT-24-GATE,,是,公开,是,待确认,
506,Q-INT-24-03,八、兴趣体系,24 安全实践与心理状态,,24 安全实践与心理状态 · 经验程度,单选,未接触 / 尝试过一两次 / 有经验 / 经验丰富,男S/女S/男M/女M,Q-INT-24-GATE ≠ 不感兴趣,Q-INT-24-GATE,,是,公开,是,待确认,
507,Q-INT-24-04,八、兴趣体系,24 安全实践与心理状态,,24 安全实践与心理状态 · 尝试意愿,单选,不愿意 / 看情况 / 愿意 / 很想尝试,男S/女S/男M/女M,Q-INT-24-GATE ≠ 不感兴趣,Q-INT-24-GATE,,是,公开,是,待确认,
508,Q-INT-24-05,八、兴趣体系,24 安全实践与心理状态,,24 安全实践与心理状态 · 边界,长文本,明确不能接受的部分,男S/女S/男M/女M,Q-INT-24-GATE ≠ 不感兴趣,Q-INT-24-GATE,,是,公开,是,待确认,
509,Q-INT-24-06,八、兴趣体系,24 安全实践与心理状态,,24 安全实践与心理状态 · 条件,多选,需对方在场 / 需特定器材 / 需私密空间 / 需事先沟通 / 其他,男S/女S/男M/女M,Q-INT-24-GATE ≠ 不感兴趣,Q-INT-24-GATE,,是,公开,是,待确认,
510,Q-INT-24-07,八、兴趣体系,24 安全实践与心理状态,,24 安全实践与心理状态 · 对象,单选,仅固定伴侣 / 熟悉的人 / 陌生人 / 不限,男S/女S/男M/女M,Q-INT-24-GATE ≠ 不感兴趣,Q-INT-24-GATE,,是,公开,是,待确认,
511,Q-INT-24-08,八、兴趣体系,24 安全实践与心理状态,,24 安全实践与心理状态 · 场景,多选,居家 / 户外 / 公共隐秘处 / 线上 / 专业场地,男S/女S/男M/女M,Q-INT-24-GATE ≠ 不感兴趣,Q-INT-24-GATE,,是,公开,是,待确认,
512,Q-INT-24-09,八、兴趣体系,24 安全实践与心理状态,,24 安全实践与心理状态 · 关系,单选,仅短期体验 / 仅长期关系 / 都可以,男S/女S/男M/女M,Q-INT-24-GATE ≠ 不感兴趣,Q-INT-24-GATE,,是,公开,是,待确认,
513,Q-INT-24-10,八、兴趣体系,24 安全实践与心理状态,,24 安全实践与心理状态 · 沟通,长文本,接触前需要沟通的内容,男S/女S/男M/女M,Q-INT-24-GATE ≠ 不感兴趣,Q-INT-24-GATE,,是,公开,是,待确认,
514,Q-INT-24-11,八、兴趣体系,24 安全实践与心理状态,,24 安全实践与心理状态 · 安全,多选,安全词 / 中止条件 / 事后护理 / 医疗准备 / 其他,男S/女S/男M/女M,Q-INT-24-GATE ≠ 不感兴趣,Q-INT-24-GATE,,是,公开,是,待确认,
515,Q-INT-24-12,八、兴趣体系,24 安全实践与心理状态,,24 安全实践与心理状态 · 心理,长文本,可能带来的积极或消极情绪,男S/女S/男M/女M,Q-INT-24-GATE ≠ 不感兴趣,Q-INT-24-GATE,,是,公开,是,待确认,
516,Q-INT-24-13,八、兴趣体系,24 安全实践与心理状态,,24 安全实践与心理状态 · 强度,量表,1–5 级,男S/女S/男M/女M,Q-INT-24-GATE ≠ 不感兴趣,Q-INT-24-GATE,,是,公开,是,待确认,
517,Q-INT-24-14,八、兴趣体系,24 安全实践与心理状态,,24 安全实践与心理状态 · 变化,单选,完全没变 / 更感兴趣 / 兴趣下降 / 说不清,男S/女S/男M/女M,Q-INT-24-GATE ≠ 不感兴趣,Q-INT-24-GATE,,是,公开,是,待确认,
518,Q-INT-24-15,八、兴趣体系,24 安全实践与心理状态,,24 安全实践与心理状态 · 反馈,长文本,体验后希望如何评价与复盘,男S/女S/男M/女M,Q-INT-24-GATE ≠ 不感兴趣,Q-INT-24-GATE,,是,公开,是,待确认,
519,Q-INT-25-GATE,八、兴趣体系,25 崇拜与特定身体互动,,您对「25 崇拜与特定身体互动」是否感兴趣？,单选（必答）,感兴趣 / 不感兴趣 / 想先了解,男S/女S/男M/女M,始终显示,,选「不感兴趣」→ 跳过本类全部 15 个维度题,是,公开,是,待确认,★ 兴趣门：为否则整块折叠，是 Fillout 条件逻辑的主要挂载点
520,Q-INT-25-01,八、兴趣体系,25 崇拜与特定身体互动,,25 崇拜与特定身体互动 · 认知程度,单选,完全不了解 / 听说过 / 了解 / 熟悉,男S/女S/男M/女M,Q-INT-25-GATE ≠ 不感兴趣,Q-INT-25-GATE,,是,公开,是,待确认,
521,Q-INT-25-02,八、兴趣体系,25 崇拜与特定身体互动,,25 崇拜与特定身体互动 · 兴趣程度,量表,1–5 分,男S/女S/男M/女M,Q-INT-25-GATE ≠ 不感兴趣,Q-INT-25-GATE,,是,公开,是,待确认,
522,Q-INT-25-03,八、兴趣体系,25 崇拜与特定身体互动,,25 崇拜与特定身体互动 · 经验程度,单选,未接触 / 尝试过一两次 / 有经验 / 经验丰富,男S/女S/男M/女M,Q-INT-25-GATE ≠ 不感兴趣,Q-INT-25-GATE,,是,公开,是,待确认,
523,Q-INT-25-04,八、兴趣体系,25 崇拜与特定身体互动,,25 崇拜与特定身体互动 · 尝试意愿,单选,不愿意 / 看情况 / 愿意 / 很想尝试,男S/女S/男M/女M,Q-INT-25-GATE ≠ 不感兴趣,Q-INT-25-GATE,,是,公开,是,待确认,
524,Q-INT-25-05,八、兴趣体系,25 崇拜与特定身体互动,,25 崇拜与特定身体互动 · 边界,长文本,明确不能接受的部分,男S/女S/男M/女M,Q-INT-25-GATE ≠ 不感兴趣,Q-INT-25-GATE,,是,公开,是,待确认,
525,Q-INT-25-06,八、兴趣体系,25 崇拜与特定身体互动,,25 崇拜与特定身体互动 · 条件,多选,需对方在场 / 需特定器材 / 需私密空间 / 需事先沟通 / 其他,男S/女S/男M/女M,Q-INT-25-GATE ≠ 不感兴趣,Q-INT-25-GATE,,是,公开,是,待确认,
526,Q-INT-25-07,八、兴趣体系,25 崇拜与特定身体互动,,25 崇拜与特定身体互动 · 对象,单选,仅固定伴侣 / 熟悉的人 / 陌生人 / 不限,男S/女S/男M/女M,Q-INT-25-GATE ≠ 不感兴趣,Q-INT-25-GATE,,是,公开,是,待确认,
527,Q-INT-25-08,八、兴趣体系,25 崇拜与特定身体互动,,25 崇拜与特定身体互动 · 场景,多选,居家 / 户外 / 公共隐秘处 / 线上 / 专业场地,男S/女S/男M/女M,Q-INT-25-GATE ≠ 不感兴趣,Q-INT-25-GATE,,是,公开,是,待确认,
528,Q-INT-25-09,八、兴趣体系,25 崇拜与特定身体互动,,25 崇拜与特定身体互动 · 关系,单选,仅短期体验 / 仅长期关系 / 都可以,男S/女S/男M/女M,Q-INT-25-GATE ≠ 不感兴趣,Q-INT-25-GATE,,是,公开,是,待确认,
529,Q-INT-25-10,八、兴趣体系,25 崇拜与特定身体互动,,25 崇拜与特定身体互动 · 沟通,长文本,接触前需要沟通的内容,男S/女S/男M/女M,Q-INT-25-GATE ≠ 不感兴趣,Q-INT-25-GATE,,是,公开,是,待确认,
530,Q-INT-25-11,八、兴趣体系,25 崇拜与特定身体互动,,25 崇拜与特定身体互动 · 安全,多选,安全词 / 中止条件 / 事后护理 / 医疗准备 / 其他,男S/女S/男M/女M,Q-INT-25-GATE ≠ 不感兴趣,Q-INT-25-GATE,,是,公开,是,待确认,
531,Q-INT-25-12,八、兴趣体系,25 崇拜与特定身体互动,,25 崇拜与特定身体互动 · 心理,长文本,可能带来的积极或消极情绪,男S/女S/男M/女M,Q-INT-25-GATE ≠ 不感兴趣,Q-INT-25-GATE,,是,公开,是,待确认,
532,Q-INT-25-13,八、兴趣体系,25 崇拜与特定身体互动,,25 崇拜与特定身体互动 · 强度,量表,1–5 级,男S/女S/男M/女M,Q-INT-25-GATE ≠ 不感兴趣,Q-INT-25-GATE,,是,公开,是,待确认,
533,Q-INT-25-14,八、兴趣体系,25 崇拜与特定身体互动,,25 崇拜与特定身体互动 · 变化,单选,完全没变 / 更感兴趣 / 兴趣下降 / 说不清,男S/女S/男M/女M,Q-INT-25-GATE ≠ 不感兴趣,Q-INT-25-GATE,,是,公开,是,待确认,
534,Q-INT-25-15,八、兴趣体系,25 崇拜与特定身体互动,,25 崇拜与特定身体互动 · 反馈,长文本,体验后希望如何评价与复盘,男S/女S/男M/女M,Q-INT-25-GATE ≠ 不感兴趣,Q-INT-25-GATE,,是,公开,是,待确认,
535,Q-INT-26-GATE,八、兴趣体系,26 身体修改与标记,,您对「26 身体修改与标记」是否感兴趣？,单选（必答）,感兴趣 / 不感兴趣 / 想先了解,男S/女S/男M/女M,始终显示,,选「不感兴趣」→ 跳过本类全部 15 个维度题,是,公开,是,待确认,★ 兴趣门：为否则整块折叠，是 Fillout 条件逻辑的主要挂载点
536,Q-INT-26-01,八、兴趣体系,26 身体修改与标记,,26 身体修改与标记 · 认知程度,单选,完全不了解 / 听说过 / 了解 / 熟悉,男S/女S/男M/女M,Q-INT-26-GATE ≠ 不感兴趣,Q-INT-26-GATE,,是,公开,是,待确认,
537,Q-INT-26-02,八、兴趣体系,26 身体修改与标记,,26 身体修改与标记 · 兴趣程度,量表,1–5 分,男S/女S/男M/女M,Q-INT-26-GATE ≠ 不感兴趣,Q-INT-26-GATE,,是,公开,是,待确认,
538,Q-INT-26-03,八、兴趣体系,26 身体修改与标记,,26 身体修改与标记 · 经验程度,单选,未接触 / 尝试过一两次 / 有经验 / 经验丰富,男S/女S/男M/女M,Q-INT-26-GATE ≠ 不感兴趣,Q-INT-26-GATE,,是,公开,是,待确认,
539,Q-INT-26-04,八、兴趣体系,26 身体修改与标记,,26 身体修改与标记 · 尝试意愿,单选,不愿意 / 看情况 / 愿意 / 很想尝试,男S/女S/男M/女M,Q-INT-26-GATE ≠ 不感兴趣,Q-INT-26-GATE,,是,公开,是,待确认,
540,Q-INT-26-05,八、兴趣体系,26 身体修改与标记,,26 身体修改与标记 · 边界,长文本,明确不能接受的部分,男S/女S/男M/女M,Q-INT-26-GATE ≠ 不感兴趣,Q-INT-26-GATE,,是,公开,是,待确认,
541,Q-INT-26-06,八、兴趣体系,26 身体修改与标记,,26 身体修改与标记 · 条件,多选,需对方在场 / 需特定器材 / 需私密空间 / 需事先沟通 / 其他,男S/女S/男M/女M,Q-INT-26-GATE ≠ 不感兴趣,Q-INT-26-GATE,,是,公开,是,待确认,
542,Q-INT-26-07,八、兴趣体系,26 身体修改与标记,,26 身体修改与标记 · 对象,单选,仅固定伴侣 / 熟悉的人 / 陌生人 / 不限,男S/女S/男M/女M,Q-INT-26-GATE ≠ 不感兴趣,Q-INT-26-GATE,,是,公开,是,待确认,
543,Q-INT-26-08,八、兴趣体系,26 身体修改与标记,,26 身体修改与标记 · 场景,多选,居家 / 户外 / 公共隐秘处 / 线上 / 专业场地,男S/女S/男M/女M,Q-INT-26-GATE ≠ 不感兴趣,Q-INT-26-GATE,,是,公开,是,待确认,
544,Q-INT-26-09,八、兴趣体系,26 身体修改与标记,,26 身体修改与标记 · 关系,单选,仅短期体验 / 仅长期关系 / 都可以,男S/女S/男M/女M,Q-INT-26-GATE ≠ 不感兴趣,Q-INT-26-GATE,,是,公开,是,待确认,
545,Q-INT-26-10,八、兴趣体系,26 身体修改与标记,,26 身体修改与标记 · 沟通,长文本,接触前需要沟通的内容,男S/女S/男M/女M,Q-INT-26-GATE ≠ 不感兴趣,Q-INT-26-GATE,,是,公开,是,待确认,
546,Q-INT-26-11,八、兴趣体系,26 身体修改与标记,,26 身体修改与标记 · 安全,多选,安全词 / 中止条件 / 事后护理 / 医疗准备 / 其他,男S/女S/男M/女M,Q-INT-26-GATE ≠ 不感兴趣,Q-INT-26-GATE,,是,公开,是,待确认,
547,Q-INT-26-12,八、兴趣体系,26 身体修改与标记,,26 身体修改与标记 · 心理,长文本,可能带来的积极或消极情绪,男S/女S/男M/女M,Q-INT-26-GATE ≠ 不感兴趣,Q-INT-26-GATE,,是,公开,是,待确认,
548,Q-INT-26-13,八、兴趣体系,26 身体修改与标记,,26 身体修改与标记 · 强度,量表,1–5 级,男S/女S/男M/女M,Q-INT-26-GATE ≠ 不感兴趣,Q-INT-26-GATE,,是,公开,是,待确认,
549,Q-INT-26-14,八、兴趣体系,26 身体修改与标记,,26 身体修改与标记 · 变化,单选,完全没变 / 更感兴趣 / 兴趣下降 / 说不清,男S/女S/男M/女M,Q-INT-26-GATE ≠ 不感兴趣,Q-INT-26-GATE,,是,公开,是,待确认,
550,Q-INT-26-15,八、兴趣体系,26 身体修改与标记,,26 身体修改与标记 · 反馈,长文本,体验后希望如何评价与复盘,男S/女S/男M/女M,Q-INT-26-GATE ≠ 不感兴趣,Q-INT-26-GATE,,是,公开,是,待确认,
551,Q-SP-241-01,九、兴趣体系 · 具体玩法条目,女装 / 伪娘类,,普通女装,量表（兴趣程度）,1–5 分 / 未接触,男S/女S/男M/女M,始终显示,Q-GATE-01,,是,仅讨论，不含操作指导,是,待确认,跨性别恋物：男M 的伪娘/女装场景同样适用，故不按性别屏蔽
552,Q-SP-241-02,九、兴趣体系 · 具体玩法条目,女装 / 伪娘类,,性感女装,量表（兴趣程度）,1–5 分 / 未接触,男S/女S/男M/女M,始终显示,Q-GATE-01,,是,仅讨论，不含操作指导,是,待确认,跨性别恋物：男M 的伪娘/女装场景同样适用，故不按性别屏蔽
553,Q-SP-241-03,九、兴趣体系 · 具体玩法条目,女装 / 伪娘类,,女仆装,量表（兴趣程度）,1–5 分 / 未接触,男S/女S/男M/女M,始终显示,Q-GATE-01,,是,仅讨论，不含操作指导,是,待确认,跨性别恋物：男M 的伪娘/女装场景同样适用，故不按性别屏蔽
554,Q-SP-241-04,九、兴趣体系 · 具体玩法条目,女装 / 伪娘类,,女性内衣,量表（兴趣程度）,1–5 分 / 未接触,男S/女S/男M/女M,始终显示,Q-GATE-01,,是,仅讨论，不含操作指导,是,待确认,跨性别恋物：男M 的伪娘/女装场景同样适用，故不按性别屏蔽
555,Q-SP-241-05,九、兴趣体系 · 具体玩法条目,女装 / 伪娘类,,义乳,量表（兴趣程度）,1–5 分 / 未接触,男S/女S/男M/女M,始终显示,Q-GATE-01,,是,仅讨论，不含操作指导,是,待确认,跨性别恋物：男M 的伪娘/女装场景同样适用，故不按性别屏蔽
556,Q-SP-241-06,九、兴趣体系 · 具体玩法条目,女装 / 伪娘类,,假阴,量表（兴趣程度）,1–5 分 / 未接触,男S/女S/男M/女M,始终显示,Q-GATE-01,,是,仅讨论，不含操作指导,是,待确认,跨性别恋物：男M 的伪娘/女装场景同样适用，故不按性别屏蔽
557,Q-SP-241-07,九、兴趣体系 · 具体玩法条目,女装 / 伪娘类,,女装外出,量表（兴趣程度）,1–5 分 / 未接触,男S/女S/男M/女M,始终显示,Q-GATE-01,,是,仅讨论，不含操作指导,是,待确认,跨性别恋物：男M 的伪娘/女装场景同样适用，故不按性别屏蔽
558,Q-SP-241-08,九、兴趣体系 · 具体玩法条目,女装 / 伪娘类,,暴露女装,量表（兴趣程度）,1–5 分 / 未接触,男S/女S/男M/女M,始终显示,Q-GATE-01,,是,仅讨论，不含操作指导,是,待确认,跨性别恋物：男M 的伪娘/女装场景同样适用，故不按性别屏蔽
559,Q-SP-217-01,九、兴趣体系 · 具体玩法条目,舔舐类,,舔舐,量表（兴趣程度）,1–5 分 / 未接触,男M/女M,上下位 = M,Q-GATE-01,,是,仅讨论，不含操作指导,是,待确认,M 侧专属
560,Q-SP-217-02,九、兴趣体系 · 具体玩法条目,舔舐类,,舔精,量表（兴趣程度）,1–5 分 / 未接触,男M/女M,上下位 = M,Q-GATE-01,,是,仅讨论，不含操作指导,是,待确认,M 侧专属
561,Q-SP-217-03,九、兴趣体系 · 具体玩法条目,舔舐类,,舔阴,量表（兴趣程度）,1–5 分 / 未接触,男M/女M,上下位 = M,Q-GATE-01,,是,仅讨论，不含操作指导,是,待确认,M 侧专属
562,Q-SP-217-04,九、兴趣体系 · 具体玩法条目,舔舐类,,舔肛,量表（兴趣程度）,1–5 分 / 未接触,男M/女M,上下位 = M,Q-GATE-01,,是,仅讨论，不含操作指导,是,待确认,M 侧专属
563,Q-SP-261-01,九、兴趣体系 · 具体玩法条目,女性生殖器相关,,乳环,量表（兴趣程度）,1–5 分 / 未接触,女S/女M,性别 = 女,Q-GATE-01,,是,仅讨论，不含操作指导,是,待确认,女性专属
564,Q-SP-261-02,九、兴趣体系 · 具体玩法条目,女性生殖器相关,,阴环,量表（兴趣程度）,1–5 分 / 未接触,女S/女M,性别 = 女,Q-GATE-01,,是,仅讨论，不含操作指导,是,待确认,女性专属
565,Q-SP-261-03,九、兴趣体系 · 具体玩法条目,女性生殖器相关,,阴道内窥镜,量表（兴趣程度）,1–5 分 / 未接触,女S/女M,性别 = 女,Q-GATE-01,,是,仅讨论，不含操作指导,是,待确认,女性专属
566,Q-SP-261-04,九、兴趣体系 · 具体玩法条目,女性生殖器相关,,乳夹,量表（兴趣程度）,1–5 分 / 未接触,女S/女M,性别 = 女,Q-GATE-01,,是,仅讨论，不含操作指导,是,待确认,女性专属
567,Q-SP-261-05,九、兴趣体系 · 具体玩法条目,女性生殖器相关,,乳夹坠物,量表（兴趣程度）,1–5 分 / 未接触,女S/女M,性别 = 女,Q-GATE-01,,是,仅讨论，不含操作指导,是,待确认,女性专属
568,Q-SP-261-06,九、兴趣体系 · 具体玩法条目,女性生殖器相关,,阴唇坠物,量表（兴趣程度）,1–5 分 / 未接触,女S/女M,性别 = 女,Q-GATE-01,,是,仅讨论，不含操作指导,是,待确认,女性专属
569,Q-SP-261-07,九、兴趣体系 · 具体玩法条目,女性生殖器相关,,阴唇牵引,量表（兴趣程度）,1–5 分 / 未接触,女S/女M,性别 = 女,Q-GATE-01,,是,仅讨论，不含操作指导,是,待确认,女性专属
570,Q-SP-261-08,九、兴趣体系 · 具体玩法条目,女性生殖器相关,,阴唇挤压,量表（兴趣程度）,1–5 分 / 未接触,女S/女M,性别 = 女,Q-GATE-01,,是,仅讨论，不含操作指导,是,待确认,女性专属
571,Q-SP-261-09,九、兴趣体系 · 具体玩法条目,女性生殖器相关,,阴唇击打,量表（兴趣程度）,1–5 分 / 未接触,女S/女M,性别 = 女,Q-GATE-01,,是,仅讨论，不含操作指导,是,待确认,女性专属
572,Q-SP-261-10,九、兴趣体系 · 具体玩法条目,女性生殖器相关,,踩阴,量表（兴趣程度）,1–5 分 / 未接触,女S/女M,性别 = 女,Q-GATE-01,,是,仅讨论，不含操作指导,是,待确认,女性专属
573,Q-SP-261-11,九、兴趣体系 · 具体玩法条目,女性生殖器相关,,扩阴,量表（兴趣程度）,1–5 分 / 未接触,女S/女M,性别 = 女,Q-GATE-01,,是,仅讨论，不含操作指导,是,待确认,女性专属
574,Q-SP-029-01,九、兴趣体系 · 具体玩法条目,男性生殖器相关,,睾丸挤压,量表（兴趣程度）,1–5 分 / 未接触,男S/男M,性别 = 男,Q-GATE-01,,是,仅讨论，不含操作指导,是,待确认,男性专属
575,Q-SP-029-02,九、兴趣体系 · 具体玩法条目,男性生殖器相关,,睾丸击打,量表（兴趣程度）,1–5 分 / 未接触,男S/男M,性别 = 男,Q-GATE-01,,是,仅讨论，不含操作指导,是,待确认,男性专属
576,Q-SP-029-03,九、兴趣体系 · 具体玩法条目,男性生殖器相关,,阳具崇拜,量表（兴趣程度）,1–5 分 / 未接触,男S/男M,性别 = 男,Q-GATE-01,,是,仅讨论，不含操作指导,是,待确认,男性专属
577,Q-SP-624-01,九、兴趣体系 · 具体玩法条目,调教相关,,外出调教,量表（兴趣程度）,1–5 分 / 未接触,男S/女S,上下位 = S,Q-GATE-01,,是,仅讨论，不含操作指导,是,待确认,S 侧专属
578,Q-SP-624-02,九、兴趣体系 · 具体玩法条目,调教相关,,伴侣被他人调教,量表（兴趣程度）,1–5 分 / 未接触,男S/女S,上下位 = S,Q-GATE-01,,是,仅讨论，不含操作指导,是,待确认,S 侧专属
579,Q-S01,十、安全与边界,安全协议,,你的安全词或安全信号,文本（必答）,如 Red / Yellow / Green 或自定,男S/女S/男M/女M,始终显示,,,是,公开,是,待确认,★ 四身份通用，必填
580,Q-S02,十、安全与边界,安全协议,,中止条件（出现什么必须立刻停止）,长文本（必答）,,男S/女S/男M/女M,始终显示,,,是,公开,是,待确认,
581,Q-S03,十、安全与边界,安全协议,,是否禁止独自执行高风险项目,单选（必答）,禁止 / 不禁止,男S/女S/男M/女M,始终显示,,,是,公开,是,待确认,
582,Q-S04,十、安全与边界,安全协议,,紧急联系人或就近就医方式,文本,,男S/女S/男M/女M,始终显示,,,是,隐私（可控制公开）,是,待确认,
583,Q-S05,十、安全与边界,安全协议,,事后护理需求,多选,补水 / 保暖 / 按摩 / 安抚 / 复盘 / 独处,男S/女S/男M/女M,始终显示,,,是,公开,是,待确认,
584,Q-S06,十、安全与边界,边界,,绝对红线（任何情况下都不接受）,长文本（必答）,,男S/女S/男M/女M,始终显示,,,是,公开,是,待确认,★ 四身份通用，必填
585,Q-S07,十、安全与边界,边界,,需要提前沟通的事项,长文本,,男S/女S/男M/女M,始终显示,,,是,公开,是,待确认,
586,Q-S08,十、安全与边界,边界,,心理与身体状况需说明的部分,长文本,,男S/女S/男M/女M,始终显示,,,是,受控（可不公开）,是,待确认,
587,Q-SM01,十一、对上位者的确认,对上位者的确认,,对方是否明确告知过安全词与中止信号,单选,已明确告知 / 需要我主动问 / 没有,男M/女M,上下位 = M,Q-GATE-01,,是,公开,是,待确认,🔲 本表新建 · M 视角：入场前的第一道确认
588,Q-SM02,十一、对上位者的确认,对上位者的确认,,我要求对方事前必答的问题,多选,圈龄与带教经历 / 是否有介绍人 / 擅长与不擅长的项目 / 事后护理方式 / 影像保存方式 / 场地情况,男M/女M,上下位 = M,Q-GATE-01,,是,公开,是,待确认,🔲 本表新建
589,Q-SM03,十一、对上位者的确认,对上位者的确认,,我希望在什么阶段确认对方的安全习惯,单选,首次沟通就确认 / 见面之前 / 见面当场 / 相处一段时间后,男M/女M,上下位 = M,Q-GATE-01,,是,公开,是,待确认,🔲 本表新建
590,Q-SM04,十一、对上位者的确认,对上位者的确认,,我是否会告知第三方我的行踪,单选,每次都会 / 重要场合会 / 偶尔 / 不会,男M/女M,上下位 = M,Q-GATE-01,,是,公开,是,待确认,🔲 本表新建 · ★ 建议勾选「每次都会」
591,Q-SM05,十一、对上位者的确认,对上位者的确认,,我需要的额外保障,多选,公共场合首次见面 / 保留紧急联系人 / 约定安全回拨 / 不接受首次即私密场地 / 无额外要求,男M/女M,上下位 = M,Q-GATE-01,,是,公开,是,待确认,🔲 本表新建
592,Q-SM06,十一、对上位者的确认,对上位者的确认,,若对方拒绝提供上述信息，我会,单选,终止接触 / 暂缓并继续观察 / 仍然接受,男M/女M,上下位 = M,Q-GATE-01,,是,公开,是,待确认,🔲 本表新建
593,Q-PV01,十二、隐私与公开,公开设置,,本表单内容你希望公开吗,单选（必答）,公开 / 不公开,男S/女S/男M/女M,始终显示,,,是,公开,是,待确认,★ 对应现有「公开问卷」字段，控制档案是否进入列表
594,Q-PV02,十二、隐私与公开,公开设置,,常住地址是否公开,单选（必答）,公开 / 不公开,男S/女S/男M/女M,始终显示,,,是,公开,是,待确认,★ 隐私开关：为「不公开」时档案显示「未公开」
595,Q-PV03,十二、隐私与公开,公开设置,,联系方式是否公开,单选（必答）,公开 / 不公开,男S/女S/男M/女M,始终显示,,,是,公开,是,待确认,★ 隐私开关
596,Q-PV04,十二、隐私与公开,公开设置,,生活照片是否公开,单选（必答）,公开 / 不公开,男S/女S/男M/女M,始终显示,,,是,公开,是,待确认,★ 隐私开关
597,Q-PV05,十二、隐私与公开,公开设置,,隐私照片是否公开,单选（必答）,公开 / 不公开,男S/女S/男M/女M,始终显示,,,是,公开,是,待确认,★ 隐私开关
598,Q-PV06,十二、隐私与公开,公开设置,,是否希望暴露自己的情趣和喜好,单选,是 / 否 / 部分,男S/女S/男M/女M,始终显示,,,是,公开,是,待确认,
599,Q-PV07,十二、隐私与公开,公开设置,,如果被身边人知道会怎么办,长文本,,男S/女S/男M/女M,始终显示,,,是,公开,是,待确认,
600,Q-PV08,十二、隐私与公开,公开设置,,本人填写确认,单选（必答）,确认,男S/女S/男M/女M,始终显示,,,是,公开,是,待确认,★ 对应「本人填写」标记（原「认证」字段），表示档案由本人知情填写
601,Q-F01,十三、问卷体验,评价,,对于以上问题的感受,长文本,,男S/女S/男M/女M,始终显示,,,是,公开,是,待确认,
602,Q-F02,十三、问卷体验,评价,,问卷体验,单选,很好 / 一般 / 不适,男S/女S/男M/女M,始终显示,,,是,公开,是,待确认,
603,Q-F03,十三、问卷体验,评价,,问卷评分,量表,1–10 分,男S/女S/男M/女M,始终显示,,,是,公开,是,待确认,
604,Q-F04,十三、问卷体验,评价,,颜值（自评）,量表,1–10 分,男S/女S/男M/女M,始终显示,,,是,公开,是,待确认,
605,Q-F05,十三、问卷体验,评价,,身材（自评）,量表,1–10 分,男S/女S/男M/女M,始终显示,,,是,公开,是,待确认,
